timestamp,active_addresses,average_transaction_value,block_height,block_size,block_time,current_supply,difficulty,hashrate,large_transaction_count,new_addresses,transaction_count,transaction_count_all_time,unique_addresses_all_time,zero_balance_addresses_all_time
2018-01-01,971215,6.96254846572128,502116.0,1043382.0,551.464516129032,16776439.795301002,1922580604980.53,14973621.295305999,20176,379241,241757,288085420,356379364,318969091
2018-01-02,1147833,7.44013899835647,502287.0,1041367.0,503.917647058824,16778577.295301,1931136454487.72,16459371.813128699,33245,568404,340980,288426400,356947768,319437319
2018-01-03,1138158,7.114009673572509,502444.0,1065513.0,549.314102564102,16780539.795301,1931136454487.72,15099135.225952499,34527,654027,395963,288822363,357601795,319859508
2018-01-04,1261665,6.4418210041665995,502612.0,1065832.0,513.622754491018,16782639.795301,1931136454487.72,16148365.397785699,41084,710847,425008,289247371,358312642,320289391
2018-01-05,1074215,8.523989105635309,502755.0,1067635.0,601.894366197183,16784427.295300197,1931136454487.72,13780105.583212802,37818,596335,342707,289590078,358908977,320652054
2018-01-06,1178753,8.30330220315193,502923.0,1054609.0,513.8502994011969,16786527.295300197,1931136454487.72,16141214.5245484,35141,595420,358847,289948925,359504397,321114225
2018-01-07,1133382,7.488530080130861,503085.0,1047738.0,533.068322981366,16788552.295300197,1931136454487.72,15559296.170048498,29813,624892,368187,290317112,360129289,321551002
2018-01-08,1165435,7.29282930547907,503251.0,1050648.0,519.818181818182,16790627.295300197,1931136454487.72,15955901.9023294,31496,583580,345672,290662784,360712869,321986259
2018-01-09,1156807,6.23433230835482,503415.0,1054599.0,523.846625766871,16792677.295300197,1931136454487.72,15833199.085698301,36391,621623,360265,291023049,361334492,322413530
2018-01-10,1131299,6.22631935805264,503581.0,1058194.0,518.133333333333,16794752.295300197,1931136454487.72,16007786.765578,36237,587791,347393,291370442,361922283,322848098
2018-01-11,1230730,5.49904124747206,503774.0,1057117.0,448.640625,16797164.795300197,1931136454487.72,18487331.4050375,31985,556785,337959,291708401,362479068,323406326
2018-01-12,1158813,5.929920317983981,503952.0,1054668.0,486.63841807909597,16799389.795300197,1931136454487.72,17043800.094693802,29852,494790,300091,292008492,362973858,323923781
2018-01-13,948768,5.13706397443788,504101.0,1014637.0,572.263513513513,16801252.295300197,2134254177773.78,16018061.0478031,23978,437144,265735,292274227,363411002,324344510
2018-01-14,972468,5.39970133067979,504256.0,1050657.0,546.915584415584,16803189.795300197,2227847638503.63,17495447.2326264,21337,384009,235045,292509272,363795011,324789116
2018-01-15,959309,5.47399220148208,504406.0,1059330.0,572.033557046979,16805064.7953003,2227847638503.63,16727222.782592902,27660,453119,273623,292782895,364248130,325215994
2018-01-16,1006185,9.51283756395565,504565.0,1050054.0,541.525316455696,16807052.295300197,2227847638503.63,17669594.4900052,29873,481690,303725,293086620,364729820,325648389
2018-01-17,1097689,7.82062378828277,504732.0,1062211.0,514.5301204819281,16809139.795300197,2227847638503.63,18596642.5811606,25883,506537,315771,293402391,365236357,326113581
2018-01-18,1060979,6.968526795387911,504905.0,1050848.0,496.075581395349,16811302.295300197,2227847638503.63,19288457.4582966,29821,491648,309495,293711886,365728005,326573009
2018-01-19,1033373,8.018666479848209,505070.0,1048356.0,522.317073170732,16813364.795300197,2227847638503.63,18319394.941004,23531,383020,243619,293955505,366111025,327068971
2018-01-20,979236,6.06945526007705,505248.0,1106568.0,483.666666666667,16815589.795300197,2227847638503.63,19783320.6364795,20205,377608,240611,294196116,366488633,327535767
2018-01-21,991753,5.1410573664479005,505435.0,1077492.0,461.860215053764,16817927.295300197,2227847638503.63,20717378.1935949,17386,327693,215622,294411738,366816326,328044827
2018-01-22,951619,6.212410697930009,505602.0,1081038.0,508.86746987951796,16820014.795300197,2227847638503.63,18803585.0476145,21423,374319,245562,294657300,367190645,328510440
2018-01-23,937619,5.66131170444196,505779.0,1070344.0,490.05113636363603,16822227.295300197,2227847638503.63,19525580.1646457,20844,387170,271936,294929236,367577815,328966868
2018-01-24,953050,6.000901330431191,505955.0,1069993.0,490.645714285714,16824427.295300197,2227847638503.63,19501918.531529102,20942,387171,250423,295179659,367964986,329423315
2018-01-25,847796,5.73797580792235,506113.0,1110326.0,537.1210191082799,16826402.295300197,2460585023617.97,19675514.138343804,20547,356669,236580,295416239,368321655,329811609
2018-01-26,813618,7.72106100857697,506268.0,1042627.0,554.922077922077,16828339.795300197,2603077300218.59,20147210.4250441,17797,340977,220459,295636698,368662632,330196231
2018-01-27,876974,7.04264465991073,506425.0,1038547.0,536.974358974359,16830302.295300197,2603077300218.59,20820606.583065398,12672,391457,193578,295830276,369054089,330573428
2018-01-28,777053,14.6590055391964,506583.0,1031008.0,549.197452229299,16832277.295300197,2603077300218.59,20357217.2959224,13070,318026,213446,296043722,369372115,330907397
2018-01-29,785522,8.36024762552163,506731.0,1018173.0,580.959183673469,16834127.295300197,2603077300218.59,19244263.947607502,16271,348155,232176,296275898,369720270,331252910
2018-01-30,845783,9.97287197917349,506898.0,987508.0,519.283132530121,16836214.795300197,2603077300218.59,21529934.5829423,15796,358267,236609,296512507,370078537,331656719
2018-01-31,681635,8.74164603961576,507015.0,1042831.0,737.491379310345,16837677.295300197,2603077300218.59,15159678.0478353,13443,317139,204276,296716783,370395676,331950937
2018-02-01,848865,8.50182126785542,507175.0,1053963.0,538.232704402516,16839677.295300197,2603077300218.59,20771929.6541256,15023,389554,257664,296974447,370785230,332313884
2018-02-02,859632,6.19196661380255,507343.0,1022478.0,516.161676646707,16841777.295300197,2603077300218.59,21660135.5335631,14968,354220,235918,297210365,371139450,332699404
2018-02-03,722943,4.66949463657193,507501.0,996566.0,540.643312101911,16843752.295300197,2603077300218.59,20679312.262150697,11632,282609,194891,297405256,371422059,333021562
2018-02-04,727585,5.59770451828519,507679.0,990487.0,483.74011299435,16845977.295300197,2603077300218.59,23111856.0836186,9911,252651,173687,297578943,371674710,333381752
2018-02-05,910410,8.54542003252705,507864.0,1102733.0,462.864130434783,16848289.795299403,2603077300218.59,24154241.2519566,12984,312931,216363,297795306,371987641,333847390
2018-02-06,1007028,7.8417688690419505,508034.0,1067524.0,505.29585798816595,16850414.7952995,2607870187292.66,22166651.456893,13306,364513,244120,298039426,372352154,334327447
2018-02-07,819765,5.42821140127719,508175.0,1071722.0,611.8142857142859,16852177.295299403,2874674234415.94,20180358.8307124,11710,318995,213719,298253145,372671149,334716683
2018-02-08,750412,6.7604380776347,508306.0,1048305.0,657.107692307692,16853814.7952995,2874674234415.94,18789358.2254535,10564,260103,173289,298426434,372931252,335088259
2018-02-09,778811,6.43293979730299,508441.0,1076192.0,637.253731343283,16855502.295299403,2874674234415.94,19374750.1445688,10938,279922,177860,298604294,373211174,335432903
2018-02-10,746239,8.460562318479179,508584.0,1034792.0,605.859154929577,16857289.7952995,2874674234415.94,20378716.279207602,9857,277035,181783,298786077,373488209,335788775
2018-02-11,821981,9.50087667687109,508735.0,1006919.0,571.006666666666,16859177.2952995,2874674234415.94,21622570.3555189,7898,229488,147208,298933285,373717697,336216091
2018-02-12,918494,8.959767516861891,508901.0,1041291.0,518.327272727273,16861252.2952995,2874674234415.94,23820146.9864904,10414,289180,186918,299120203,374006877,336711435
2018-02-13,856261,7.190589884302731,509065.0,1032956.0,513.0,16863302.295299403,2874674234415.94,24067508.4278173,10686,281760,182984,299303187,374288637,337162720
2018-02-14,941608,7.92709887114252,509244.0,1015834.0,479.359550561798,16865539.7952995,2874674234415.94,25756515.7698441,11546,297680,196417,299499604,374586317,337666973
2018-02-15,792480,7.15890961213641,509375.0,1063894.0,641.561538461538,16867177.2952995,2874674234415.94,19244657.1112687,11754,305202,198183,299697787,374891519,338050006
2018-02-16,777060,5.87465329048658,509532.0,989634.0,536.423076923077,16869139.795299403,2874674234415.94,23016593.3469727,10573,281209,187738,299885525,375172728,338433546
2018-02-17,773685,8.48097514619107,509681.0,973017.0,578.439189189189,16871002.2952995,2874674234415.94,21344736.065993104,9821,265420,173789,300059314,375438148,338821454
2018-02-18,733485,10.2763320522248,509843.0,972766.0,526.875776397516,16873027.2952995,2874674234415.94,23433667.6244441,10298,245015,159495,300218809,375683163,339174838
2018-02-19,853281,9.5509112660927,510005.0,1006584.0,529.198757763976,16875052.295299403,2874674234415.94,23330802.7321125,12306,288048,187367,300406176,375971211,339621208
2018-02-20,718120,6.38944788153445,510146.0,1010840.0,602.514285714286,16876814.7952995,2967853337744.77,21156067.7102067,14671,308994,198455,300604631,376280205,339947084
2018-02-21,709530,6.46099843479247,510315.0,985094.0,509.946428571428,16878927.2952995,3007383866429.73,25329357.4170497,13242,309081,205201,300809832,376589286,340247411
2018-02-22,717202,8.15824379375736,510464.0,918956.0,575.736486486487,16880789.7952995,3007383866429.73,22434943.1658556,11769,280655,183235,300993067,376869941,340485446
2018-02-23,743339,5.455457797279919,510612.0,1006292.0,581.496598639456,16882639.795299403,3007383866429.73,22212710.070970498,11169,273190,185193,301178260,377143131,340806661
2018-02-24,707478,4.828288619699481,510757.0,1027894.0,594.861111111112,16884452.295299403,3007383866429.73,21713665.7810887,8730,225200,154534,301332794,377368331,341173347
2018-02-25,531590,4.1788327424986,510928.0,710161.0,503.27058823529404,16886589.795299403,3007383866429.73,25665349.127843,7053,220622,144869,301477663,377588953,341385222
2018-02-26,675606,4.532521915892191,511069.0,982314.0,611.2,16888352.2952995,3007383866429.73,21133205.7474374,10278,282680,186474,301664137,377871633,341685498
2018-02-27,720090,4.30511349379867,511229.0,1016192.0,539.1132075471701,16890352.2952995,3007383866429.73,23959003.7343012,14793,333757,219624,301883761,378205390,341987950
2018-02-28,809779,7.30930158085989,511384.0,1054216.0,556.889610389611,16892289.7952987,3007383866429.73,23194211.4053753,11966,275526,189223,302072984,378480916,342356826
2018-03-01,824240,5.65845488250924,511549.0,1068240.0,522.817073170732,16894352.2952987,3007383866429.73,24705802.4989472,12767,347148,233744,302306728,378828064,342744753
2018-03-02,752596,5.00210830183649,511705.0,861064.0,541.741935483871,16896302.2952987,3007383866429.73,23842745.9770064,13654,302934,195073,302501801,379130998,343051310
2018-03-03,935002,4.46111425215417,511885.0,976833.0,474.949720670391,16898552.2952987,3007383866429.73,27195753.130672302,11835,269581,177024,302678825,379400579,343605174
2018-03-04,805403,3.89392345818163,512033.0,1002853.0,583.319727891157,16900402.2952987,3007383866429.73,22143285.637759,9452,246814,160231,302839056,379647393,344057358
2018-03-05,854266,4.48063598215396,512182.0,1016060.0,579.02027027027,16902264.7952987,3233581400367.36,23985561.605726,12870,308787,201438,303040494,379956180,344531314
2018-03-06,845625,4.56026266847046,512338.0,1022209.0,553.541935483871,16904214.7952987,3290605988755.0,25532022.4173626,12472,300339,206016,303246510,380256519,345000467
2018-03-07,928851,4.3520396637723,512495.0,1022321.0,537.75,16906177.2952987,3290605988755.0,26281813.306786604,11703,306933,213978,303460488,380563452,345532967
2018-03-08,920570,5.18433958185493,512657.0,1019423.0,532.850931677018,16908202.2952987,3290605988755.0,26523450.1162345,10790,285506,196422,303656910,380848958,346094390
2018-03-09,887960,6.092722050371781,512803.0,1031228.0,585.179310344827,16910027.2952988,3290605988755.0,24151648.658590302,11718,285833,198180,303855090,381134791,346577994
2018-03-10,814934,4.00626051983665,512943.0,1013145.0,611.41726618705,16911777.2952987,3290605988755.0,23115220.7948945,7980,229996,156228,304011318,381364787,347085590
2018-03-11,888958,5.196549032924961,513096.0,1013150.0,555.223684210526,16913689.7952987,3290605988755.0,25454687.0164955,7672,222171,150884,304162202,381586958,347666994
2018-03-12,851084,5.41136828704895,513257.0,947042.0,530.46875,16915702.2952987,3290605988755.0,26642559.2567413,10620,271331,188394,304350596,381858289,348153645
2018-03-13,771468,8.1687239531711,513415.0,892580.0,541.522292993631,16917677.2952987,3290605988755.0,26098731.8316934,16206,274886,196140,304546736,382133175,348493046
2018-03-14,579629,5.43915251911868,513559.0,744636.0,594.4895104895111,16919477.2952987,3290605988755.0,23773413.754747603,11330,280331,191042,304737778,382413506,348739891
2018-03-15,622464,9.45166834255391,513703.0,770433.0,602.7132867132859,16921277.2952987,3290605988755.0,23449035.249902498,12486,299208,206186,304943964,382712714,349002875
2018-03-16,598710,5.60053630698902,513859.0,683671.0,551.116129032258,16923227.2952988,3290605988755.0,25644404.8018367,12686,274394,186979,305130943,382987108,349235905
2018-03-17,464245,15.7328074384029,514008.0,515427.0,578.047297297297,16925089.7952987,3290605988755.0,24449634.4361518,8668,226201,154496,305285439,383213309,349423047
2018-03-18,539648,9.856229403984221,514159.0,695280.0,575.366666666667,16926977.2952987,3381698122496.23,25243525.011991,10410,241296,164401,305449840,383454605,349632059
2018-03-19,588000,6.9607846356396506,514314.0,678044.0,553.292207792208,16928914.7952987,3462542391191.56,26878213.937844697,11455,279835,191528,305641368,383734440,349890149
2018-03-20,574335,5.7152163340337,514441.0,793882.0,683.111111111111,16930502.2952988,3462542391191.56,21770259.756121103,11518,289135,195168,305836536,384023575,350142544
2018-03-21,579292,4.78240628935642,514593.0,670269.0,566.9006622516561,16932402.2952987,3462542391191.56,26233002.219672304,11308,285142,194846,306031382,384308717,350394669
2018-03-22,600305,5.9596930935818895,514736.0,797819.0,583.802816901409,16934189.7952987,3462542391191.56,25473509.0353167,10863,274044,185187,306216569,384582761,350651065
2018-03-23,629230,5.45155908773571,514869.0,830547.0,653.484848484848,16935852.295297302,3462542391191.56,22757232.039368697,9884,264636,179818,306396387,384847397,350934721
2018-03-24,542035,4.99921399886146,515025.0,596551.0,552.4451612903231,16937802.295297302,3462542391191.56,26919425.4438697,7460,233433,157087,306553474,385080830,351196247
2018-03-25,446626,6.02300682317518,515160.0,568772.0,620.276119402985,16939489.795297302,3462542391191.56,23975622.8975818,6202,203095,135274,306688748,385283925,351392905
2018-03-26,589103,8.93531331119744,515310.0,712413.0,575.4765100671141,16941364.795297302,3462542391191.56,25842073.6051364,9029,275556,187850,306876598,385559481,351668164
2018-03-27,608149,5.7362232159745,515462.0,763199.0,569.615894039735,16943264.795297302,3462542391191.56,26107955.3551643,9838,274038,187065,307063663,385833519,351959936
2018-03-28,548051,6.568741992370371,515597.0,724552.0,627.231343283582,16944952.295297302,3462542391191.56,23709762.738144502,8693,261092,177521,307241184,386094611,352214330
2018-03-29,570132,4.39747142869103,515749.0,679723.0,556.6423841059599,16946852.295297302,3462542391191.56,26716446.2423518,9227,276520,192411,307433595,386371131,352457254
2018-03-30,575601,6.8870708800175295,515911.0,625428.0,530.32298136646,16948877.295297302,3462542391191.56,28042356.929097496,9818,265701,185940,307619535,386636832,352678157
2018-03-31,483684,6.048362995310769,516039.0,676326.0,667.259842519685,16950477.295297302,3462542391191.56,22287428.9497538,6874,214064,148617,307768152,386850896,352903913
2018-04-01,427489,6.218494404205309,516201.0,453174.0,530.391304347826,16952502.295297302,3494288842679.62,28295818.9153203,5988,197905,135129,307903281,387048801,353079052
2018-04-02,498636,8.65794132945243,516357.0,566611.0,546.1677419354841,16954452.295297302,3511060552899.72,27610364.163105898,8118,243270,168178,308071459,387292071,353286426
2018-04-03,599016,6.61003879927166,516520.0,675785.0,531.234567901235,16956489.795297302,3511060552899.72,28386500.3524838,9328,290235,198919,308270378,387582306,353562136
2018-04-04,572121,7.643528054367349,516667.0,723346.0,589.308219178082,16958327.295297302,3511060552899.72,25589139.5338286,8900,271350,185710,308456088,387853656,353805283
2018-04-05,539742,5.732417525613751,516823.0,646244.0,555.4774193548391,16960277.295297302,3511060552899.72,27147620.629646104,8678,265785,181832,308637920,388119441,354042665
2018-04-06,643506,7.25756870096391,516961.0,824647.0,628.131386861314,16962002.295297302,3511060552899.72,24007541.3590333,8465,261542,172889,308810809,388380983,354281561
2018-04-07,504278,4.810096249722969,517141.0,538825.0,473.18994413407796,16964252.295297302,3511060552899.72,31868577.166354805,5887,219715,154639,308965448,388600698,354511912
2018-04-08,410502,5.283685932065111,517302.0,431451.0,530.0,16966264.795297302,3511060552899.72,28452623.111283,5283,200074,138535,309103983,388800772,354674502
2018-04-09,549006,6.849102332362221,517449.0,738487.0,586.5273972602739,16968102.295297302,3511060552899.72,25710461.812047698,8163,254398,176563,309280546,389055170,354927303
2018-04-10,571412,5.054052694185611,517613.0,683104.0,528.300613496932,16970152.295297302,3511060552899.72,28544146.767430395,8538,272300,186415,309466961,389327470,355173313
2018-04-11,543094,5.50348051639887,517774.0,638290.0,532.8,16972164.795297302,3511060552899.72,28303097.3141516,8502,266358,183248,309650209,389593828,355415485
2018-04-12,625416,10.131609364928401,517928.0,825766.0,555.4771241830069,16974089.795297302,3511060552899.72,27147635.0554659,11697,300156,210879,309861088,389893984,355702689
2018-04-13,654807,5.74065723237309,518093.0,722759.0,521.304878048781,16976152.295297302,3511060552899.72,28927199.5793005,12255,318436,217282,310078370,390212420,355972542
2018-04-14,497549,4.28247291697837,518230.0,798910.0,618.661764705882,16977864.795297302,3796188328005.3,26354472.9097506,7444,241899,161843,310240213,390454319,356174029
2018-04-15,591039,4.31574263256592,518393.0,847521.0,527.5246913580249,16979902.295297302,3839316899029.67,31258708.436684698,7814,268085,174031,310414244,390722404,356440500
2018-04-16,742491,6.94449938606131,518534.0,967547.0,607.15,16981664.795297302,3839316899029.67,27159253.1010666,9312,291785,196106,310610350,391014189,356848892
2018-04-17,613343,5.897908177872861,518696.0,727804.0,529.44099378882,16983689.795297302,3839316899029.67,31145568.087404102,9875,302354,201820,310812170,391316543,357115431
2018-04-18,593728,5.5579260610153405,518856.0,674461.0,534.836477987422,16985689.795297302,3839316899029.67,30831368.4630546,9672,299567,200740,311012910,391616110,357368971
2018-04-19,649807,6.171202249762089,519034.0,625799.0,485.553672316384,16987914.795297302,3839316899029.67,33960695.7180378,11379,318474,213523,311226433,391934584,357639671
2018-04-20,658440,7.340506160922089,519171.0,818439.0,632.75,16989627.295297302,3839316899029.67,26060435.4331293,11606,308303,207777,311434210,392242887,357892691
2018-04-21,625491,4.7185853008128396,519330.0,764312.0,537.848101265823,16991614.795297302,3839316899029.67,30658731.4922263,9089,287228,193975,311628185,392530115,358187759
2018-04-22,515379,4.541108372882411,519490.0,558847.0,522.182389937107,16993614.795297302,3839316899029.67,31578507.5063497,7631,254998,171870,311800055,392785113,358392024
2018-04-23,651279,4.84714503745513,519643.0,762616.0,563.552631578947,16995527.295297302,3839316899029.67,29260338.070132103,10637,319886,226353,312026408,393104999,358662409
2018-04-24,783122,6.961221933829731,519802.0,967178.0,538.3797468354429,16997514.795297302,3839316899029.67,30628456.2471714,14251,369215,254493,312280901,393474214,359007726
2018-04-25,694533,9.26830614297652,519925.0,1043031.0,679.032786885246,16999052.295297302,3839316899029.67,24284159.5263047,12546,315486,213155,312494056,393789700,359313199
2018-04-26,666593,4.92307489235443,520066.0,884706.0,604.707142857143,17000814.795297302,3839316899029.67,27268969.3103363,11762,318006,216732,312710788,394107706,359607649
2018-04-27,681912,7.274109499102121,520208.0,955995.0,605.035460992908,17002589.795297302,3943557223451.91,27994143.1479651,11044,309392,211119,312921907,394417098,359874678
2018-04-28,580639,9.00667206631492,520336.0,844274.0,641.196850393701,17004189.795297302,4022059196164.95,26941200.1938215,9651,272702,203681,313125588,394689800,360107495
2018-04-29,549012,8.93693229792005,520494.0,623489.0,546.796178343949,17006164.795297302,4022059196164.95,31592416.6888349,10978,262187,180798,313306386,394951987,360325845
2018-04-30,648401,5.65881869271428,520649.0,748396.0,555.441558441558,17008102.295297302,4022059196164.95,31100684.5771014,11415,317140,215107,313521493,395269127,360613237
2018-05-01,638057,5.1272051709561,520807.0,673271.0,546.624203821656,17010077.295297302,4022059196164.95,31602356.0415569,11056,323507,199959,313721452,395592634,360855939
2018-05-02,689284,5.0732197608269605,520947.0,877978.0,616.942446043165,17011827.295297302,4022059196164.95,28000363.438919395,11649,313889,212296,313933748,395906523,361193998
2018-05-03,670349,5.9284302964272,521098.0,867924.0,573.406666666667,17013714.795297302,4022059196164.95,30126285.0858109,13914,340365,228521,314162269,396246888,361487889
2018-05-04,702444,6.1101386032673295,521236.0,973819.0,621.970802919708,17015439.795297302,4022059196164.95,27773992.973645397,12464,323346,219069,314381338,396570234,361777574
2018-05-05,634526,5.234982293876901,521397.0,726489.0,534.6625,17017452.295297302,4022059196164.95,32309377.8039502,10066,298722,202703,314584041,396868956,362059380
2018-05-06,539977,6.37269998856213,521534.0,758401.0,630.926470588236,17019164.795297302,4022059196164.95,27379755.8279632,9382,246595,171761,314755802,397115551,362285468
2018-05-07,667042,6.71205120570059,521684.0,867701.0,574.758389261745,17021039.795297302,4022059196164.95,30055433.783738397,11543,300995,205063,314960865,397416546,362596471
2018-05-08,675731,4.8465840342380995,521823.0,915397.0,618.608695652174,17022777.295296602,4022059196164.95,27924943.233933397,11746,316938,217810,315178675,397733484,362894389
2018-05-09,617853,5.14135996443598,521983.0,732925.0,541.51572327044,17024777.2952965,4022059196164.95,31900482.234894104,11133,307721,206579,315385254,398041205,363163318
2018-05-10,623605,5.76702080136466,522137.0,733376.0,559.437908496732,17026702.295296602,4022059196164.95,30878516.539079804,12628,310142,208961,315594215,398351347,363439797
2018-05-11,765655,6.12472627795866,522264.0,1075571.0,683.166666666667,17028289.7952965,4138123233246.03,26015765.728630602,13236,307017,213624,315807839,398658364,363798343
2018-05-12,594827,5.5128604968974,522429.0,644236.0,521.548780487804,17030352.2952965,4143878474754.19,34124943.2335386,8920,261506,182054,315989893,398919870,364045373
2018-05-13,488183,5.24022228690618,522577.0,576345.0,574.360544217687,17032202.2952965,4143878474754.19,30987195.5983837,7539,234173,158794,316148687,399154043,364258983
2018-05-14,641742,6.079986924613181,522709.0,872704.0,654.854961832061,17033852.2952965,4143878474754.19,27178266.280330803,11652,311208,209697,316358384,399465251,364551240
2018-05-15,645896,4.967799902312099,522855.0,791380.0,593.227586206896,17035677.2952965,4143878474754.19,30001677.166544203,11184,319209,214779,316573163,399784460,364854358
2018-05-16,611010,5.52831174663955,523034.0,606597.0,475.932584269663,17037914.7952965,4143878474754.19,37395679.799858704,10640,299838,208463,316781626,400084298,365129054
2018-05-17,635087,5.457239040726741,523166.0,860254.0,650.465648854962,17039564.795296602,4143878474754.19,27361664.0002401,10656,278422,192683,316974309,400362720,365437604
2018-05-18,710771,5.3100673906308895,523314.0,839280.0,580.3877551020411,17041414.7952965,4143878474754.19,30665399.7628507,10773,304620,211496,317185805,400667340,365755007
2018-05-19,520662,4.33560968323228,523468.0,580258.0,561.411764705883,17043339.795296602,4143878474754.19,31701905.17292,7706,248870,173274,317359079,400916210,365987949
2018-05-20,480119,4.61920223131215,523612.0,555049.0,594.979020979021,17045139.795296602,4143878474754.19,29913361.480177503,7359,236190,158663,317517742,401152400,366179436
2018-05-21,628005,4.12815780558824,523769.0,755369.0,550.551282051282,17047102.2952965,4143878474754.19,32327274.6933859,9839,295636,202647,317720389,401448036,366462120
2018-05-22,593732,4.5539677420198,523920.0,697712.0,569.246666666667,17048989.7952965,4143878474754.19,31265571.7984019,9640,296652,203337,317923726,401744688,366734141
2018-05-23,648114,4.832542500558481,524082.0,748044.0,530.049689440994,17051014.7952965,4143878474754.19,33577649.194432504,10550,315092,223196,318146922,402059780,367020361
2018-05-24,576660,5.78266768618358,524225.0,726173.0,597.514084507042,17052802.2952965,4219142059012.95,30327447.721318398,10381,294606,206825,318353747,402354386,367271005
2018-05-25,624360,4.860994081746401,524401.0,625061.0,489.30285714285696,17055002.2952965,4306949573981.51,37805231.0460369,9113,282866,196181,318549928,402637252,367532906
2018-05-26,472333,3.8322385396244596,524563.0,488469.0,531.583850931677,17057027.295296602,4306949573981.51,34798287.294376895,6064,228766,158783,318708711,402866018,367733595
2018-05-27,447062,5.56938734462919,524727.0,448727.0,527.705521472393,17059077.2952958,4306949573981.51,35054034.519400895,5638,210665,144304,318853015,403076683,367914554
2018-05-28,597039,6.9548829915608605,524883.0,710101.0,541.8645161290319,17061027.2952958,4306949573981.51,34138067.7552372,9346,264010,189063,319042078,403340693,368187281
2018-05-29,610910,6.25247107876905,525022.0,832153.0,622.326086956522,17062764.7952958,4306949573981.51,29724300.4165822,10080,291481,204769,319246847,403632174,368467025
2018-05-30,598661,6.223511875321861,525196.0,625990.0,485.028901734104,17064939.7952958,4306949573981.51,38138361.4453404,9787,298554,204077,319450924,403930728,368738790
2018-05-31,633570,6.57342046967818,525366.0,706883.0,503.45562130177495,17067064.7952959,4306949573981.51,36742478.945693895,9083,307251,209526,319660450,404237979,369042434
2018-06-01,697999,5.8888790702025995,525532.0,721915.0,516.278787878788,17069139.7952958,4306949573981.51,35829881.064404204,9558,302536,205481,319865931,404540515,369276237
2018-06-02,528261,5.4005036446034005,525684.0,622946.0,569.649006622516,17071039.7952958,4306949573981.51,32472991.8787162,7097,252755,174497,320040428,404793270,369507442
2018-06-03,536366,5.72535262536499,525847.0,771284.0,526.006172839506,17073077.2952959,4306949573981.51,35167282.2885595,6495,235419,163443,320203871,405028689,369727187
2018-06-04,708308,7.1211994377557195,526030.0,1055892.0,471.521978021978,17075364.7952958,4306949573981.51,39230849.0971539,9140,300278,209916,320413787,405328967,370056363
2018-06-05,661376,5.78211798592012,526205.0,848479.0,493.465517241379,17077552.2952958,4415593341674.14,38431923.472474605,8638,308225,212901,320626688,405637192,370350832
2018-06-06,657356,5.51578519034387,526352.0,991682.0,587.232876712329,17079389.7952951,4940704885521.83,36135861.502350606,8080,301755,206417,320833105,405938947,370638575
2018-06-07,641565,5.8078873820158305,526495.0,1082513.0,603.584507042253,17081177.2952951,4940704885521.83,35156909.5212349,8579,292995,207627,321040732,406231942,370915418
2018-06-08,655501,7.18944669214918,526640.0,897163.0,591.034722222222,17082983.5452951,4940704885521.83,35903416.6769734,8615,289627,200379,321241111,406521569,371171928
2018-06-09,498294,5.10453378741305,526783.0,630925.0,600.457746478873,17084771.0452944,4940704885521.83,35339981.9170295,6331,242852,171306,321412417,406764421,371390712
2018-06-10,537058,7.80753912175564,526910.0,759267.0,676.769841269841,17086358.5452944,4940704885521.83,31355070.2299141,7970,246498,179809,321592226,407010919,371628030
2018-06-11,596633,7.917816513761981,527050.0,793075.0,610.532374100719,17088108.5452936,4940704885521.83,34756823.3932882,9304,293629,213196,321805422,407304548,371893940
2018-06-12,662459,6.56683265865924,527195.0,1044931.0,593.888888888889,17089921.0452937,4940704885521.83,35730868.685226,8748,302180,214595,322020017,407606728,372198018
2018-06-13,668119,8.86729515300285,527338.0,913050.0,600.232394366197,17091708.545292802,4940704885521.83,35353250.0106241,9597,295202,211829,322231846,407901930,372500741
2018-06-14,592409,8.79053822528356,527491.0,743882.0,561.394736842105,17093621.045292098,4940704885521.83,37799011.1233835,9273,294992,210029,322441875,408196922,372769217
2018-06-15,637867,8.39761518537756,527644.0,801346.0,559.309210526315,17095533.5452906,4940704885521.83,37939954.327831104,8361,289815,205861,322647736,408486737,373033672
2018-06-16,448709,5.15708302100792,527810.0,473838.0,516.430303030302,17097608.5452906,4940704885521.83,41090086.654459104,4893,225525,159090,322806826,408712262,373224489
2018-06-17,442321,4.61825660220064,527967.0,490980.0,541.403846153846,17099571.0452899,4940704885521.83,39194708.4477743,4707,207134,144908,322951734,408919396,373411140
2018-06-18,581840,5.404680414251651,528131.0,648707.0,523.803680981595,17101621.0452898,4940704885521.83,40511677.700961605,7079,285090,196305,323148039,409204486,373684860
2018-06-19,630701,7.67828920680889,528286.0,908624.0,558.87012987013,17103558.5452891,5024546460934.29,38614092.2077194,7765,276495,191805,323339844,409480981,373982364
2018-06-20,593528,5.824724444271831,528441.0,1078000.0,549.824675324675,17105496.0452883,5077499034879.02,39662993.0939337,7319,288861,198889,323538733,409769842,374244352
2018-06-21,572851,4.66617043109377,528611.0,616743.0,507.704142011835,17107621.0452876,5077499034879.02,42953544.1918231,7615,281662,198113,323736846,410051504,374500066
2018-06-22,628367,9.143919322013529,528762.0,795271.0,569.973333333333,17109508.5452876,5077499034879.02,38260899.2823236,8579,284873,204144,323940990,410336377,374770474
2018-06-23,490606,8.76218803230975,528922.0,534422.0,530.522012578617,17111508.5452876,5077499034879.02,41106102.6370613,5685,235258,163295,324104285,410571635,374976003
2018-06-24,465351,5.697673394058679,529093.0,484736.0,499.25294117647,17113646.0452869,5077499034879.02,43680648.62850471,5764,219576,158022,324262307,410791211,375176476
2018-06-25,622576,6.4632732810161695,529250.0,920947.0,544.903846153846,17115608.5452869,5077499034879.02,40021175.2113782,7712,277982,200173,324462480,411069193,375448503
2018-06-26,620530,4.50026533437284,529396.0,1067591.0,592.620689655173,17117433.5452869,5077499034879.02,36798735.989062704,7412,274465,195404,324657884,411343658,375703862
2018-06-27,596895,5.261031433103599,529517.0,1088043.0,718.633333333334,17118946.0452869,5077499034879.02,30346062.8511669,6745,267161,188510,324846394,411610819,375965353
2018-06-28,562176,4.8651130754492495,529674.0,689429.0,539.1282051282051,17120908.5452869,5077499034879.02,40449919.1339675,6454,264197,187624,325034018,411875016,376223223
2018-06-29,597323,5.462750351086509,529825.0,746513.0,566.793333333333,17122796.0452869,5077499034879.02,38475562.462997,7037,278319,197881,325231899,412153335,376467404
2018-06-30,575034,4.0771042050697295,529966.0,987340.0,604.135714285715,17124558.5452861,5077499034879.02,36097340.0257602,5771,246429,181065,325412964,412399764,376718325
2018-07-01,491879,5.49664508002854,530113.0,705291.0,586.095890410959,17126396.0452854,5077499034879.02,37208403.3638008,4599,216498,156247,325569211,412616262,376917712
2018-07-02,647264,5.00750925252973,530254.0,987550.0,602.542857142857,17128158.5452854,5172892177079.79,36872734.3838123,7131,279704,199294,325768505,412895966,377191533
2018-07-03,667943,4.90259532816551,530370.0,1113817.0,726.234782608696,17129608.5452846,5363678461481.36,31720903.666403603,8018,307656,216747,325985252,413203622,377509911
2018-07-04,619779,4.30356210506625,530504.0,935352.0,644.007518796993,17131283.5452302,5363678461481.36,35771047.5513622,7770,292425,206788,326192040,413496047,377774889
2018-07-05,554487,5.17288385641067,530641.0,783748.0,629.7352941176471,17132996.0452294,5363678461481.36,36581757.1184414,8183,277689,199600,326391640,413773736,378029063
2018-07-06,655859,4.81747846699084,530801.0,685458.0,533.792452830189,17134996.045175597,5363678461481.36,43156892.6390395,8014,287068,200993,326592633,414060804,378248066
2018-07-07,482580,3.5889473088502,530957.0,537210.0,550.735483870968,17136946.045175597,5363678461481.36,41829197.9597947,6241,234366,170160,326762793,414295170,378465049
2018-07-08,499531,4.82406085159964,531115.0,592209.0,543.904458598726,17138921.045175597,5363678461481.36,42354540.7913594,5391,225648,155685,326918478,414520818,378670966
2018-07-09,636033,5.07732939758625,531251.0,1060415.0,627.414814814814,17140621.0451748,5363678461481.36,36717053.9081413,7935,289283,206546,327125024,414810101,378942273
2018-07-10,674996,5.43364661359372,531400.0,971490.0,581.040540540541,17142483.5451208,5363678461481.36,39647532.2649447,8728,300026,216063,327341087,415110127,379242980
2018-07-11,625249,4.16836702697833,531535.0,1006592.0,640.253731343283,17144171.0451208,5363678461481.36,35980772.0760794,7667,281700,202603,327543690,415391827,379528710
2018-07-12,952133,4.034151496489891,531676.0,1179159.0,596.9,17145933.5451208,5363678461481.36,38594108.8596449,7394,275556,203535,327747225,415667383,380191081
2018-07-13,940736,4.26258820532284,531819.0,1113532.0,593.042253521127,17147721.0451208,5363678461481.36,38845163.968576096,6959,292914,207904,327955129,415960297,380784312
2018-07-14,816904,4.1950197742671795,531952.0,1159489.0,651.363636363636,17149383.5451208,5363678461481.36,35367070.3923995,5837,241550,176475,328131604,416201847,381318926
2018-07-15,515490,4.63857269665624,532085.0,773946.0,637.916666666667,17151046.0451208,5363678461481.36,36112590.8477941,6025,223073,161151,328292755,416424920,381561098
2018-07-16,591036,5.84787327253024,532205.0,928807.0,713.9747899159661,17152546.0451208,5363678461481.36,32265598.0346777,8717,291546,207842,328500597,416716466,381841812
2018-07-17,696983,4.54147358883222,532364.0,909335.0,540.9177215189869,17154533.5451208,5199615302175.17,41285720.1496579,10196,333533,233966,328734563,417049999,382174861
2018-07-18,780118,4.76408897257144,532538.0,1046474.0,495.919075144508,17156708.5451193,5178671069072.25,44850508.8696687,11019,336327,238769,328973332,417386326,382528171
2018-07-19,645071,4.29162055288586,532709.0,734628.0,506.16470588235296,17158846.045118697,5178671069072.25,43942658.6245948,9282,315782,225039,329198371,417702108,382838474
2018-07-20,659346,4.05319885504077,532863.0,815292.0,560.137254901961,17160771.0451186,5178671069072.25,39708522.658968106,9016,312301,225529,329423900,418014409,383128713
2018-07-21,511231,3.47404298508617,533000.0,715741.0,625.558823529412,17162483.5451186,5178671069072.25,35555765.5680017,6283,255144,184803,329608703,418269553,383363496
2018-07-22,463902,3.4888509400297405,533182.0,451292.0,464.530386740331,17164758.5451186,5178671069072.25,47881093.4941913,5421,239414,167129,329775832,418508967,383560789
2018-07-23,717809,4.23321381616799,533348.0,890057.0,521.6727272727279,17166833.545118697,5178671069072.25,42636353.62862,9743,321682,229480,330005312,418830649,383920575
2018-07-24,728369,4.56720222465172,533507.0,917435.0,539.993670886076,17168821.0451179,5178671069072.25,41189784.3948974,12643,366731,259358,330264670,419197380,384242723
2018-07-25,785007,3.98462086372302,533684.0,965074.0,485.88636363636397,17171033.5451172,5178671069072.25,45776594.16482971,10786,356438,250208,330514878,419553818,384585032
2018-07-26,648173,3.80171790948666,533849.0,771370.0,525.8658536585369,17173096.0451172,5178671069072.25,42296381.7172456,9125,326294,231679,330746557,419880112,384872781
2018-07-27,726245,4.25398122231751,534016.0,886276.0,515.006024096386,17175183.5451156,5178671069072.25,43188277.103034295,9358,325349,229397,330975954,420205461,385151558
2018-07-28,570157,3.4988178496591495,534161.0,759045.0,594.652777777778,17176996.0451149,5178671069072.25,37403714.7552325,6552,264561,188238,331164192,420470022,385420355
2018-07-29,490273,3.9250347328095,534331.0,539320.0,506.31952662721903,17179121.045006398,5595791656327.72,47467539.557984,5758,249091,168407,331332599,420719113,385630309
2018-07-30,643271,3.7883726347979905,534465.0,911087.0,633.481203007519,17180796.045006398,5949437371609.53,40336854.2260596,9022,322727,230924,331563523,421041840,385937762
2018-07-31,697539,3.58858798740259,534612.0,950214.0,585.979452054795,17182633.5450056,5949437371609.53,43606714.9642539,8873,341073,242977,331806500,421382913,386271471
2018-08-01,713287,3.75724662267279,534762.0,990541.0,573.751677852349,17184508.545004,5949437371609.53,44536059.6352608,8663,335557,241044,332047544,421718470,386586446
2018-08-02,640776,4.09541039384244,534915.0,806938.0,564.828947368421,17186421.045002498,5949437371609.53,45239605.830605395,8240,316318,224873,332272417,422034788,386894442
2018-08-03,696718,4.275874025257529,535081.0,834025.0,516.284848484848,17188496.045002498,5949437371609.53,49493296.221365005,8262,314333,229859,332502276,422349121,387171348
2018-08-04,548835,5.0412373107802,535257.0,574082.0,477.234285714286,17190696.045002498,5949437371609.53,53543175.1354956,5772,271102,191657,332693933,422620223,387413735
2018-08-05,501318,5.9373398369539,535417.0,578105.0,536.880503144654,17192696.045002498,5949437371609.53,47594648.6992812,6044,236398,172181,332866114,422856621,387632608
2018-08-06,660988,5.7615093736497,535548.0,1050986.0,659.6,17194333.5450017,5949437371609.53,38739598.1513995,7355,304453,218607,333084721,423161074,387937153
2018-08-07,713514,4.884662846360019,535699.0,1016458.0,559.853333333333,17196221.0450017,5949437371609.53,45641666.163750894,8043,325178,233045,333317766,423486252,388263381
2018-08-08,657844,5.64202850414647,535856.0,812957.0,545.557692307692,17198183.545000304,5949437371609.53,46837647.6052904,8780,328709,235311,333553077,423814961,388562742
2018-08-09,636348,5.028649316063889,536005.0,804355.0,580.331081081081,17200046.0450002,5949437371609.53,44031139.764325395,7258,308393,222326,333775403,424123354,388874685
2018-08-10,664519,4.30667545071701,536181.0,792378.0,491.88,17202246.0449995,5949437371609.53,51948928.4798389,7570,313205,226148,334001551,424436559,389177363
2018-08-11,531739,4.1603647003367294,536351.0,611510.0,501.573964497041,17204371.0449995,6197839919507.38,53071972.718561,6570,258877,192438,334193989,424695436,389434320
2018-08-12,483751,3.67318782400972,536506.0,584546.0,554.6168831168831,17206308.544998802,6389316883511.96,49479032.9934498,4632,227361,165044,334359033,424922797,389647285
2018-08-13,618980,4.14325922504979,536656.0,906496.0,572.422818791946,17208183.544998,6389316883511.96,47939925.100083396,7991,308835,222229,334581262,425231632,389947157
2018-08-14,665106,4.730178960824929,536792.0,1011792.0,634.088888888889,17209883.544998,6389316883511.96,43277697.400676504,10106,345358,247622,334828884,425576990,390261725
2018-08-15,690139,4.28240275454732,536953.0,791067.0,523.4,17211896.0449973,6389316883511.96,52430086.08801021,8430,348861,246066,335074950,425925851,390573399
2018-08-16,627176,3.92183181009697,537111.0,761947.0,547.095541401274,17213871.044997197,6389316883511.96,50159259.1820026,7998,322027,232335,335307285,426247878,390867141
2018-08-17,659137,3.68629437723941,537263.0,833029.0,569.072847682119,17215771.0449973,6389316883511.96,48222133.897685796,7803,324972,233794,335541079,426572850,391172828
2018-08-18,508161,3.4924738424265294,537423.0,590060.0,523.547169811321,17217771.0449973,6389316883511.96,52415347.9205211,5402,265343,190935,335732014,426838193,391404141
2018-08-19,518565,3.57832808930119,537568.0,619528.0,589.548611111111,17219583.5449957,6389316883511.96,46547318.645608,4607,247799,167400,335899414,427085992,391635340
2018-08-20,629941,3.99925329127661,537718.0,818181.0,573.65100671141,17221458.5449957,6389316883511.96,47837285.627339505,7480,317421,214983,336114397,427403413,391955166
2018-08-21,595311,4.78218513370581,537866.0,779786.0,576.448979591837,17223308.544995002,6389316883511.96,47605092.6100956,7751,306220,217777,336332174,427709633,392238467
2018-08-22,644814,3.93494972169411,538026.0,774898.0,532.647798742139,17225308.5449935,6389316883511.96,51519798.1166341,7711,327511,230333,336562507,428037144,392538786
2018-08-23,575309,4.0316952601958995,538175.0,768391.0,582.472972972973,17227171.0449928,6389316883511.96,47112756.0106344,6659,301443,217352,336779859,428338587,392802938
2018-08-24,637445,3.44782610327881,538321.0,820710.0,576.8206896551719,17228996.0449928,6505039002077.23,48436074.284763,7218,306958,219848,336999707,428645545,393096977
2018-08-25,553307,3.3609887673236902,538456.0,763551.0,640.320895522388,17230683.5449928,6727225469722.53,45123021.265306,5682,274257,196420,337196127,428919802,393363452
2018-08-26,506696,2.9841809810289,538629.0,569715.0,496.40116279069804,17232846.0449913,6727225469722.53,58205370.073758304,4491,235865,172747,337368874,429155667,393604538
2018-08-27,670286,4.35672538839347,538814.0,701549.0,468.592391304348,17235158.5449906,6727225469722.53,61659587.141078,7893,312739,223656,337592530,429468406,393948934
2018-08-28,669852,7.97353595654313,538967.0,879880.0,556.578947368421,17237071.0449906,6727225469722.53,51912156.4369035,9394,330729,238039,337830569,429799135,394286449
2018-08-29,677005,3.7949499414612595,539106.0,907886.0,622.876811594203,17238808.5449906,6727225469722.53,46386721.8163519,8610,342050,237508,338068077,430141185,394609761
2018-08-30,627437,3.6933653359727003,539260.0,817750.0,562.313725490196,17240733.544989802,6727225469722.53,51382728.3160995,8410,317292,231391,338299468,430458477,394925060
2018-08-31,657088,6.51136566517433,539415.0,809181.0,553.7987012987011,17242671.0449883,6727225469722.53,52172772.0153906,9195,329365,237076,338536544,430787842,395232722
2018-09-01,572708,4.13398096101621,539566.0,769296.0,563.846666666667,17244558.5449883,6727225469722.53,51243033.067990996,6995,290599,213331,338749875,431078441,395503419
2018-09-02,501961,4.42240048142339,539710.0,648996.0,598.762237762238,17246358.5449875,6727225469722.53,48254902.468899,6320,255989,187145,338937020,431334430,395728632
2018-09-03,619115,4.14810713432626,539854.0,846752.0,600.888111888112,17248158.5449868,6727225469722.53,48084182.0858932,7852,308150,222897,339159917,431642580,396030745
2018-09-04,635288,4.03344570488171,539980.0,957670.0,671.184,17249733.5449868,6727225469722.53,43048125.9762994,8668,324011,232265,339392182,431966591,396341912
2018-09-05,671171,3.90710076728482,540112.0,1008443.0,645.351145038168,17251383.5449838,6727225469722.53,44771305.67974389,9246,340066,246477,339638659,432306657,396667254
2018-09-06,674168,5.04619065733482,540262.0,888037.0,575.637583892617,17253258.544983,6727225469722.53,50193410.2180973,10015,339561,252261,339890920,432646218,397003082
2018-09-07,695708,4.70578539002023,540414.0,889911.0,568.205298013245,17255158.544983,6971177230937.92,52693944.1187686,8289,318090,230790,340121710,432964308,397303012
2018-09-08,551231,3.51645771227777,540564.0,710539.0,574.684563758389,17257033.544982903,7019199231177.17,52458745.27210879,5647,279016,204428,340326138,433243324,397571917
2018-09-09,512601,3.81165100958139,540727.0,616029.0,531.222222222222,17259071.044983,7019199231177.17,56750696.565180704,5897,254487,188912,340515050,433497811,397810405
2018-09-10,619760,3.86506279064694,540862.0,899061.0,628.082089552239,17260758.544982903,7019199231177.17,47998870.917504296,7713,305022,222866,340737916,433802833,398110082
2018-09-11,657659,3.88284227887086,541003.0,941821.0,612.7,17262521.044983,7019199231177.17,49203902.631001,8674,325176,237571,340975487,434128009,398433355
2018-09-12,606273,3.7574288653985204,541171.0,709051.0,514.035928143713,17264621.0449823,7019199231177.17,58648101.2151855,7735,316346,233275,341208762,434444355,398730281
2018-09-13,614272,4.78619659476216,541319.0,819058.0,585.122448979592,17266471.044981398,7019199231177.17,51522943.9488926,8345,319893,234209,341442971,434764248,399034985
2018-09-14,626748,3.4057447395414595,541451.0,1057485.0,647.503816793893,17268121.044981398,7019199231177.17,46559155.8846525,7271,301795,223250,341666221,435066043,399317790
2018-09-15,563724,3.4154904857863904,541591.0,789859.0,616.244604316547,17269871.044981502,7019199231177.17,48920884.5494874,6293,287468,211071,341877292,435353511,399578579
2018-09-16,476502,3.83781230639632,541730.0,627328.0,603.514492753623,17271608.5449807,7019199231177.17,49952787.38786071,5599,247203,179483,342056775,435600714,399795824
2018-09-17,640997,4.4965103897922996,541865.0,907647.0,642.858208955224,17273296.0449807,7019199231177.17,46895615.11707179,9272,340702,240152,342296927,435941416,400109911
2018-09-18,648567,4.21081325439407,542007.0,936313.0,606.475177304965,17275071.0449807,7019199231177.17,49708928.3620504,8948,346412,244259,342541186,436287828,400445233
2018-09-19,646913,3.73113442897923,542163.0,804437.0,554.664516129032,17277021.0449807,7019199231177.17,54352189.95512801,8329,351348,251037,342792223,436639176,400784074
2018-09-20,641789,3.58266324071931,542317.0,815061.0,559.568627450981,17278946.0449807,7031329605788.92,53968948.9774076,8525,358019,253674,343045897,436997195,401118727
2018-09-21,727401,4.33598463775972,542461.0,1012301.0,590.405594405595,17280746.044979997,7152633351906.41,52032580.0056914,11053,379605,273051,343318948,437376800,401471626
2018-09-22,573260,3.3216510797370296,542616.0,732038.0,558.233766233766,17282683.5449792,7152633351906.41,55031293.67106839,7266,316743,225537,343544485,437693543,401754529
2018-09-23,517479,2.62857306463466,542766.0,655633.0,570.825503355705,17284558.5449792,7152633351906.41,53817368.260741204,5493,277097,200319,343744804,437970640,401996971
2018-09-24,625278,3.3173188173005004,542914.0,807114.0,568.061224489796,17286408.5449792,7152633351906.41,54079252.380424894,7590,329983,237670,343982474,438300623,402301948
2018-09-25,659797,5.4211058910705106,543083.0,768240.0,508.41071428571405,17288521.0449792,7152633351906.41,60424230.771527,8100,345961,252113,344234587,438646584,402634560
2018-09-26,638491,4.386140483312509,543222.0,898005.0,619.5,17290258.5449792,7152633351906.41,49588904.482190296,8120,332750,243927,344478514,438979334,402952284
2018-09-27,645101,3.6467703782373397,543365.0,877031.0,599.119718309859,17292046.0449792,7152633351906.41,51275772.417206,8411,339159,248686,344727200,439318493,403274358
2018-09-28,684920,4.24161475554647,543519.0,855168.0,556.941176470588,17293971.0449792,7152633351906.41,55159014.31708779,9725,352375,254239,344981439,439670868,403590298
2018-09-29,563086,3.4519310200589,543671.0,693383.0,560.158940397351,17295871.0449792,7152633351906.41,54842160.16426571,7123,299709,218339,345199778,439970577,403859933
2018-09-30,543253,3.0799001451277594,543834.0,626711.0,518.8395061728401,17297908.5449792,7152633351906.41,59209690.012470104,6482,282759,208210,345407988,440253336,404111455
2018-10-01,682978,3.39172187239581,543992.0,857105.0,544.197452229299,17299883.5449792,7152633351906.41,56450698.5486084,8302,335798,242820,345650808,440589134,404457238
2018-10-02,686740,5.1195402766968,544129.0,1015335.0,626.316176470588,17301596.0449792,7152633351906.41,49049230.2144132,8967,340811,244772,345895580,440929945,404805979
2018-10-03,703346,3.2652011440692004,544274.0,838225.0,595.847222222222,17303408.5449792,7152633351906.41,51557387.8353329,8492,414450,242303,346137883,441344395,405107850
2018-10-04,652955,3.47087063965051,544424.0,798640.0,578.208053691275,17305283.5449792,7364268059356.19,54702265.511507705,8326,364161,243157,346381040,441708556,405406625
2018-10-05,697142,3.02078887348747,544554.0,963110.0,658.9534883720929,17306908.5449792,7454968648263.24,48590450.012028396,8071,349665,244719,346625759,442058221,405715224
2018-10-06,597479,2.86072066281056,544679.0,922101.0,691.040322580645,17308471.0449792,7454968648263.24,46334266.5988341,5811,313099,214843,346840602,442371320,406005126
2018-10-07,607630,2.27845574619744,544821.0,831893.0,600.404255319149,17310246.0449785,7454968648263.24,53328813.467479706,4816,323760,219731,347060333,442695080,406340743
2018-10-08,656648,3.34592755484154,544956.0,965177.0,641.335820895522,17311933.5449785,7454968648263.24,49925242.741449796,7787,334987,248041,347308374,443030067,406670331
2018-10-09,632009,3.18077806491881,545086.0,966413.0,653.279069767441,17313558.5449785,7454968648263.24,49012509.38346189,7832,320695,235862,347544236,443350762,406964632
2018-10-10,653131,4.250465287513809,545230.0,896905.0,598.307692307692,17315358.5449785,7454968648263.24,53515685.9065245,8370,335544,244945,347789181,443686306,407258952
2018-10-11,699363,4.04349274490603,545389.0,920825.0,543.993670886076,17317346.0449785,7454968648263.24,58858858.5687817,9580,346437,262467,348051648,444032743,407590088
2018-10-12,704003,4.599019262891059,545521.0,1128503.0,656.854961832061,17318996.0449785,7454968648263.24,48745687.2483552,8547,329064,243174,348294822,444361807,407923610
2018-10-13,583522,3.3406718759782406,545662.0,862022.0,594.55,17320758.5449785,7454968648263.24,53853917.310564205,5279,275433,205097,348499919,444637240,408190259
2018-10-14,533594,3.46422709787085,545776.0,957302.0,763.424778761062,17322183.5449785,7454968648263.24,41941062.7317577,5258,258062,191259,348691178,444895302,408432613
2018-10-15,716731,4.81000426933233,545938.0,943760.0,531.496894409938,17324208.5449785,7454968648263.24,60242772.5801539,10864,351654,266945,348958123,445246956,408772719
2018-10-16,694685,3.20910681365744,546073.0,1066273.0,637.238805970149,17325896.0449785,7454968648263.24,50246228.3166349,8680,349464,257967,349216090,445596420,409113754
2018-10-17,688109,3.43276040819386,546211.0,1049207.0,629.722627737226,17327621.0449785,7454968648263.24,50845952.0536031,8980,350424,260362,349476452,445946844,409445653
2018-10-18,670447,3.88763214405496,546349.0,996208.0,623.868613138686,17329346.0449785,7427362643331.73,51133009.3818174,8403,341426,253450,349729902,446288270,409767372
2018-10-19,701213,3.78788017257913,546491.0,1018147.0,588.737588652482,17331121.0449785,7182852313938.32,52400452.04345371,8415,340549,253826,349983728,446628819,410090639
2018-10-20,611379,2.96192875348032,546634.0,887885.0,606.415492957746,17332908.5449785,7182852313938.32,50872901.7292976,5871,307115,227821,350211549,446935934,410379304
2018-10-21,572486,2.5466189038778304,546772.0,823540.0,621.131386861313,17334633.5449785,7182852313938.32,49667616.9212026,5315,282536,211505,350423054,447218470,410637005
2018-10-22,692314,3.43572438461469,546927.0,916539.0,557.311688311688,17336571.0449785,7182852313938.32,55355228.371075206,9518,344801,255324,350678378,447563271,410966226
2018-10-23,697985,4.01612247864501,547081.0,932260.0,552.117647058824,17338496.0449777,7182852313938.32,55875982.129359804,8654,339733,253463,350931841,447903004,411292373
2018-10-24,652136,3.9494446137360604,547194.0,1141656.0,746.339285714286,17339908.5449776,7182852313938.32,41335243.060182504,8634,337662,254091,351185932,448240666,411601949
2018-10-25,674946,3.96988217128618,547331.0,1035430.0,627.375,17341621.0449777,7182852313938.32,49173326.6074724,9074,333874,254599,351440531,448574540,411914907
2018-10-26,705500,3.26636871787654,547474.0,1058047.0,597.852112676056,17343408.5449777,7182852313938.32,51601583.612834,7508,333793,253002,351693533,448908333,412240540
2018-10-27,599637,2.47019970684332,547610.0,913874.0,632.362962962963,17345108.5449777,7182852313938.32,48785456.43440829,4994,306417,233749,351927282,449214750,412535672
2018-10-28,583240,2.3832172279247703,547750.0,828287.0,617.741007194245,17346858.5449776,7182852313938.32,49940210.2516765,4386,289516,219860,352147142,449504266,412804072
2018-10-29,732345,3.0028789341516697,547896.0,983820.0,587.979310344828,17348683.5449777,7182852313938.32,52468029.4656466,8068,357204,269754,352416896,449861470,413170200
2018-10-30,722192,3.00279841522799,548050.0,943664.0,560.830065359477,17350608.5449777,7182852313938.32,55007956.3951139,8088,367709,283327,352700223,450229179,413525905
2018-10-31,732516,3.23353217166333,548213.0,918292.0,526.0,17352646.0449777,7182852313938.32,58650410.228827,8372,373787,288283,352988506,450602966,413882526
2018-11-01,716325,3.2876151291342204,548367.0,979455.0,550.228758169935,17354571.0449777,7183013626017.64,56069058.8276014,8437,364720,281941,353270447,450967686,414230203
2018-11-02,789905,4.33115596808376,548510.0,1117054.0,598.640845070423,17356358.5449776,7184404942701.79,51544735.920074105,7942,371984,292704,353563151,451339670,414593248
2018-11-03,664462,2.39484465544498,548671.0,885550.0,534.69375,17358371.0449769,7184404942701.79,57709266.790803,5354,327406,249564,353812715,451667076,414913999
2018-11-04,638497,2.6520918794153703,548794.0,1035187.0,671.868852459016,17359908.5449769,7184404942701.79,45926796.8104046,5160,291372,226247,354038962,451958448,415253621
2018-11-05,736330,2.97065806710638,548938.0,1044358.0,599.65034965035,17361708.5449769,7184404942701.79,51457960.940266706,8498,389470,296283,354335245,452347918,415608588
2018-11-06,715671,3.1111592118377596,549066.0,1072038.0,673.448818897638,17363308.5449769,7184404942701.79,45819048.7595392,8117,380431,285451,354620696,452728349,415960125
2018-11-07,727200,2.9906364464651,549196.0,1144160.0,648.736434108527,17364933.5449762,7184404942701.79,47564438.572850205,8571,380636,293734,354914430,453108985,416317008
2018-11-08,721536,2.84501045155239,549317.0,1169965.0,711.9416666666659,17366446.0449762,7184404942701.79,43341731.092376396,7930,360793,277597,355192027,453469778,416687897
2018-11-09,725173,3.0190254029727797,549444.0,1135195.0,677.126984126984,17368033.5449762,7184404942701.79,45570158.9117858,8178,369668,283896,355475923,453839446,417027698
2018-11-10,616864,2.33088721277783,549575.0,955554.0,655.06923076923,17369671.0449762,7184404942701.79,47104615.5440558,5238,325463,252499,355728422,454164909,417322854
2018-11-11,614666,2.20485495236106,549721.0,874062.0,586.158620689655,17371496.0449762,7184404942701.79,52642379.009661,6102,306674,246991,355975413,454471583,417611846
2018-11-12,708464,2.8802249401237296,549861.0,1066877.0,612.338129496403,17373246.0449762,7184404942701.79,50391740.7454311,9203,371041,300006,356275419,454842624,417947149
2018-11-13,669519,3.1865825676425295,549981.0,1110003.0,717.3781512605051,17374746.0449762,7184404942701.79,43013275.795905605,8949,352934,279160,356554579,455195558,418263156
2018-11-14,746378,3.9487764242832704,550116.0,1094776.0,642.776119402985,17376433.5449762,7184404942701.79,48005492.6414892,10154,364067,292755,356847334,455559625,418611941
2018-11-15,736412,6.49287936628039,550243.0,1193645.0,684.0793650793651,17378021.0449755,7184404942701.79,45107023.8999901,9279,353559,291525,357138859,455913184,418953210
2018-11-16,728953,4.04514429536394,550369.0,1158173.0,666.7360000000001,17379596.0449754,7175974755379.64,46226057.826901704,7837,351192,283124,357421983,456264376,419281376
2018-11-17,616227,2.59979991840582,550514.0,914248.0,595.395833333333,17381408.5449755,6653303141405.96,47994490.056692205,5064,303402,262649,357684632,456567778,419566762
2018-11-18,572212,2.4200828739955296,550637.0,954274.0,705.5819672131149,17382946.0449755,6653303141405.96,40499503.573738,4078,273628,239803,357924435,456841406,419839252
2018-11-19,693761,4.007480476421589,550763.0,1100711.0,685.872,17384521.0449755,6653303141405.96,41663341.5603971,8142,321707,267971,358192406,457163113,420176725
2018-11-20,781612,7.3352051523819695,550895.0,1203740.0,640.450381679389,17386171.0449755,6653303141405.96,44618162.8118972,9948,367524,288450,358480856,457530637,420558951
2018-11-21,642219,5.1359847202956,551000.0,1213546.0,816.0865384615379,17387483.5449755,6653303141405.96,35015550.5034831,7324,319658,254942,358735798,457850295,420852316
2018-11-22,674777,3.8219172869335596,551122.0,1218455.0,709.735537190083,17389008.5449755,6653303141405.96,40262489.202452704,6113,321577,266116,359001914,458171872,421187071
2018-11-23,658702,4.20352732836326,551247.0,1131096.0,680.983870967742,17390571.0449755,6653303141405.96,41962402.6661658,6797,309231,275261,359277175,458481103,421488351
2018-11-24,602095,3.62283081539115,551390.0,980274.0,604.68309859155,17392358.5449755,6653303141405.96,47257347.640892,5250,280331,250017,359527192,458761434,421775699
2018-11-25,588419,4.46197714687782,551517.0,1010554.0,683.015873015873,17393946.0449755,6653303141405.96,41837562.6858215,5651,274317,239256,359766448,459035751,422042849
2018-11-26,649621,5.0266893973667095,551628.0,1186164.0,765.145454545454,17395333.5449755,6653303141405.96,37346780.58002511,7905,318263,257062,360023510,459354014,422349655
2018-11-27,664504,4.679015417911541,551759.0,1071254.0,658.4153846153849,17396971.0449755,6653303141405.96,43400746.8088026,6807,324276,268533,360292043,459678290,422667438
2018-11-28,634492,5.344628689321571,551877.0,1111968.0,737.239316239317,17398446.0449748,6653303141405.96,38760438.806327395,7810,313462,254456,360546499,459991752,422958977
2018-11-29,627382,4.76164467249417,551982.0,1202130.0,801.461538461539,17399758.5449747,6653303141405.96,35654511.2040757,6487,316775,246226,360792725,460308527,423253142
2018-11-30,611146,7.41500107026919,552083.0,1209791.0,857.87,17401021.0449747,6653303141405.96,33310081.250903603,9525,314960,250157,361042882,460623487,423536966
2018-12-01,611585,5.1526980578626205,552207.0,1068438.0,693.4065040650411,17402571.0449747,6653303141405.96,41210630.755826205,10614,288498,241847,361284729,460911985,423824572
2018-12-02,529374,4.38683631386257,552321.0,1005271.0,761.522123893805,17403996.0449747,6653303141405.96,37524476.973301396,7233,264692,222673,361507402,461176677,424080024
2018-12-03,594029,6.17916773166456,552435.0,1101028.0,753.6725663716811,17405421.0449747,6194015746026.1,35297948.004347995,8347,300793,240652,361748054,461477470,424355275
2018-12-04,697990,8.23112608685194,552573.0,1083459.0,614.773722627737,17407146.0449747,5646403851534.72,39447229.101941995,8690,360914,270189,362018243,461838384,424706656
2018-12-05,623076,6.67845596911193,552703.0,1036768.0,662.62015503876,17408771.0449747,5646403851534.72,36598826.187126,7305,315791,256501,362274744,462154175,425007363
2018-12-06,678431,5.840123607805821,552838.0,1091929.0,634.679104477612,17410458.5449747,5646403851534.72,38210049.3166709,7229,347615,279654,362554398,462501790,425345817
2018-12-07,680079,5.680979935208911,552952.0,1222291.0,745.424778761062,17411883.5449747,5646403851534.72,32533289.170581102,6835,322216,253890,362808288,462824006,425662221
2018-12-08,557725,3.99999099502981,553079.0,970701.0,676.452380952381,17413471.0449747,5646403851534.72,35850446.484062605,4157,276200,231104,363039392,463100206,425931898
2018-12-09,545200,3.1430622756936604,553207.0,948841.0,655.700787401575,17415071.0449747,5646403851534.72,36985040.0492165,3529,271170,238569,363277961,463371376,426200691
2018-12-10,642160,4.14362320792462,553331.0,1141154.0,683.80487804878,17416621.0449748,5646403851534.72,35464970.5798385,5393,314866,258353,363536314,463686242,426503251
2018-12-11,643565,4.89601925273847,553456.0,1076672.0,688.959677419355,17418183.544974,5646403851534.72,35199621.512231,5403,313468,251487,363787801,463999710,426829906
2018-12-12,649869,4.2108579092799,553576.0,1133562.0,724.3865546218491,17419683.544974,5646403851534.72,33478147.4443709,5869,319771,261423,364049224,464319481,427159568
2018-12-13,669120,4.31104840323256,553707.0,1084257.0,663.5153846153839,17421321.044974,5646403851534.72,36549446.244426705,5801,323575,268422,364317646,464643056,427510025
2018-12-14,723450,4.20391648069706,553853.0,1058685.0,580.289655172414,17423146.044974,5646403851534.72,41791404.80308,5532,323751,275801,364593447,464966807,427888160
2018-12-15,629936,3.09304465543748,554002.0,941854.0,574.216216216216,17425008.544974,5646403851534.72,42233429.1465195,4122,300224,262879,364856326,465267031,428223539
2018-12-16,560839,3.7395649658182504,554117.0,1019919.0,752.5877192982449,17426446.044974,5646403851534.72,32223645.5106697,4272,266081,226453,365082779,465533112,428516954
2018-12-17,727582,4.01761638054571,554277.0,990779.0,538.691823899371,17428446.044974,5646403851534.72,45018540.8547805,5996,348246,298823,365381602,465881358,428904909
2018-12-18,669403,5.15013848469444,554405.0,1078395.0,670.55905511811,17430046.044974,5621092245587.46,36003402.203471795,6753,332369,266245,365647847,466213727,429246061
2018-12-19,734734,5.055529529085031,554554.0,1084764.0,572.02027027027,17431908.544974,5106422924659.82,38341157.823998295,8080,359472,302392,365950239,466573199,429628827
2018-12-20,674536,4.606643244965349,554689.0,1139195.0,632.507462686568,17433596.044974,5106422924659.82,34674562.3645341,8063,343816,287273,366237512,466917015,429958393
2018-12-21,684456,4.566846871495541,554829.0,1048346.0,614.884892086331,17435346.044974,5106422924659.82,35668333.6071938,7245,339794,280588,366518100,467256809,430288652
2018-12-22,580350,3.21269334340989,555004.0,806539.0,491.235632183908,17437533.544974,5106422924659.82,44646434.4686376,4884,285923,251216,366769316,467542732,430581500
2018-12-23,556098,3.11485753701526,555180.0,740468.0,483.75428571428597,17439733.544974,5106422924659.82,45336899.5554739,4057,275302,250739,367020055,467818034,430852076
2018-12-24,613783,4.05011239545922,555332.0,932735.0,555.754966887417,17441633.544974,5106422924659.82,39463290.060710296,7172,303374,272297,367292352,468121408,431150821
2018-12-25,526841,4.05035316831973,555491.0,821911.0,541.911392405063,17443621.044974,5106422924659.82,40471412.4270802,5718,261645,265052,367557404,468383053,431399625
2018-12-26,578227,3.9774632249304505,555648.0,889580.0,550.589743589744,17445583.544974,5106422924659.82,39833505.2846545,5696,294321,281305,367838709,468677374,431676141
2018-12-27,651466,4.19583805480241,555822.0,885621.0,487.508670520231,17447758.544974,5106422924659.82,44987752.6025426,6507,324015,300020,368138729,469001389,432010232
2018-12-28,671839,4.09908234236918,555989.0,930544.0,514.536144578313,17449846.044974,5106422924659.82,42624642.9761176,5961,345117,308267,368446996,469346506,432333043
2018-12-29,595184,4.2747843764316205,556127.0,973710.0,618.598540145986,17451571.044974,5106422924659.82,35454205.0095734,5085,313805,264980,368711976,469660311,432618250
2018-12-30,566963,2.6160725739256603,556303.0,762486.0,485.49142857142897,17453771.044974,5106422924659.82,45174679.03706121,4109,287610,267639,368979615,469947921,432883020
2018-12-31,581317,3.2783093822870097,556458.0,888393.0,558.071428571429,17455708.544974,5248509606855.42,40392996.23686189,6203,289632,259684,369239299,470237553,433176927
