timestamp,comments,posts,followers,points,overview_page_views,analysis_page_views,markets_page_views,charts_page_views,trades_page_views,forum_page_views,influence_page_views,total_page_views,fb_likes,fb_talking_about,twitter_followers,twitter_following,twitter_lists,twitter_favourites,twitter_statuses,reddit_subscribers,reddit_active_users,reddit_posts_per_hour,reddit_posts_per_day,reddit_comments_per_hour,reddit_comments_per_day,code_repo_stars,code_repo_forks,code_repo_subscribers,code_repo_open_pull_issues,code_repo_closed_pull_issues,code_repo_open_issues,code_repo_closed_issues,code_repo_contributors
2018-01-01,62373,30920,43082,2473780,10042042,506196,717969,2916048,309282,1747321,31389,16270247,36311,233,613468,105,5343,77,18989,618110,11938,18.56,445.54,357.14,8571.43,28524,15919,3026,295,9446,801,4055,0
2018-01-02,62879,31212,43357,2493015,10127891,509161,725390,2937763,311171,1764501,31596,16407473,36341,216,618392,105,5361,77,18991,621601,14835,24.35,584.3,459.77,11034.48,28610,15965,3031,296,9450,802,4056,0
2018-01-03,63194,31361,43692,2508265,10207959,512329,732552,2955388,312808,1777698,31831,16530565,36366,238,624509,105,5397,77,18992,625456,12838,20.32,487.58,260.68,6256.34,28713,16036,3037,294,9456,801,4057,0
2018-01-04,63245,31401,43767,2511650,10225951,513176,734541,2959569,313170,1780364,31871,16558642,36368,226,626723,105,5403,77,18994,626685,10695,14.47,347.21,192.31,4615.38,28759,16071,3040,295,9456,803,4057,0
2018-01-05,63899,31570,44254,2534590,10345939,517597,745206,2986595,315856,1801242,32142,16744577,36458,253,639239,105,5484,77,19005,633060,15657,14.0,336.08,527.09,12650.07,28952,16198,3062,295,9467,803,4061,0
2018-01-06,64056,31675,44511,2545210,10412866,520872,751502,3004360,317251,1811801,32325,16850977,36500,298,646657,104,5516,77,19014,636733,14003,21.81,523.54,383.8,9211.09,29019,16270,3066,295,9469,805,4062,0
2018-01-07,64245,31773,44730,2555025,10473321,523370,757276,3020574,318382,1820371,32483,16945777,36561,329,653396,101,5570,81,19027,641180,18078,16.71,400.95,463.92,11134.02,29035,16350,3091,296,9469,806,4065,0
2018-01-08,64537,31889,45033,2568420,10553209,526346,763907,3040187,320140,1834450,32678,17070917,36622,355,659662,111,5620,87,19168,645248,15881,23.58,565.96,309.01,7416.31,29172,16437,3095,301,9469,809,4067,0
2018-01-09,64783,32079,45283,2581880,10624339,529039,769634,3056186,321749,1844890,32864,17178701,36664,401,664355,113,5654,88,19207,648869,14362,23.29,558.86,500.7,12016.69,29324,16535,3119,307,9472,812,4067,0
2018-01-10,65211,32320,45556,2599010,10700556,532184,775201,3075181,323361,1857926,33081,17297490,36685,406,669831,113,5681,88,19220,652541,12996,25.64,615.43,339.3,8143.26,29504,16643,3138,309,9473,812,4070,0
2018-01-11,65717,32610,45824,2618020,10784654,536693,782194,3095042,325547,1874875,33301,17432306,36701,411,677054,114,5728,89,19226,656247,12579,25.59,614.2,350.88,8421.05,29701,16748,3165,313,9480,812,4076,0
2018-01-12,66178,32878,46056,2635130,10850976,540220,787765,3112435,327182,1888316,33504,17540398,36703,366,681768,114,5748,96,19243,659207,15026,26.6,638.35,362.17,8692.15,29872,16830,3183,317,9480,814,4077,0
2018-01-13,66381,32998,46238,2644710,10901487,543483,792172,3128524,328349,1896801,33631,17624447,36729,342,685844,115,5779,96,19253,661929,12853,15.13,363.03,321.72,7721.18,29975,16890,3195,319,9482,814,4080,0
2018-01-14,66619,33137,46403,2654690,10953832,546348,796529,3146136,329654,1907066,33792,17713357,36747,333,690227,115,5797,102,19266,664808,16179,12.93,310.29,240.96,5783.13,30087,16952,3209,323,9483,816,4080,0
2018-01-15,66902,33320,46582,2666570,11012643,549209,801575,3162576,330930,1917279,33956,17808168,36779,280,695095,116,5827,105,19276,667571,13501,22.32,535.58,292.45,7018.68,30257,17044,3228,324,9488,816,4085,0
2018-01-16,67430,33605,46731,2682700,11091300,552447,807257,3181456,332942,1937619,34156,17937177,36796,227,698239,116,5846,105,19276,670538,27717,27.45,658.69,677.97,16271.19,30378,17109,3238,327,9490,815,4089,0
2018-01-17,68054,33985,46930,2703415,11178523,556571,814062,3203783,336003,1962535,34410,18085887,36796,227,698239,116,5846,105,19276,670538,27717,27.45,658.69,677.97,16271.19,30378,17109,3238,327,9490,815,4089,0
2018-01-18,69577,34769,47451,2751270,11420759,566614,831904,3270654,343405,2021839,34974,18490149,36855,256,709562,120,5901,119,19321,681444,17062,17.64,423.47,368.47,8843.4,30674,17291,3262,328,9504,801,4110,0
2018-01-19,70097,35003,47645,2767170,11500462,570182,838292,3292890,345415,2041745,35160,18624146,36865,0,712580,121,5929,131,19349,684059,17114,18.39,441.33,319.43,7666.37,30816,17384,3279,329,9507,804,4111,0
2018-01-20,70877,35211,47812,2784345,11570157,573161,843998,3313566,347223,2059264,35317,18742686,36876,265,715774,121,5943,131,19350,686269,18583,15.29,366.99,337.39,8097.47,30919,17436,3294,329,9508,804,4113,0
2018-01-21,71528,35474,47945,2800755,11631065,575612,848792,3335065,348946,2078162,35479,18853121,36894,251,718878,121,5969,131,19353,688641,18196,15.25,366.06,338.98,8135.59,31006,17487,3298,329,9509,805,4115,0
2018-01-22,72517,35934,48129,2826745,11719068,579172,855040,3361592,351839,2108140,35723,19010574,36905,229,721896,121,5988,137,19370,691149,20299,22.9,549.65,411.9,9885.58,31111,17555,3306,327,9517,801,4124,0
2018-01-23,73294,36389,48295,2850040,11804370,582619,861242,3389215,354691,2138571,35902,19166610,36926,228,724433,121,5993,138,19388,693534,14256,23.24,557.74,307.17,7372.01,31211,17623,3312,331,9518,804,4125,0
2018-01-24,73790,36679,48433,2865700,11871670,585502,866119,3413349,356754,2160268,36100,19289762,36932,216,726912,121,6017,140,19393,695788,12817,16.96,407.05,297.27,7134.6,31318,17684,3323,329,9530,806,4129,0
2018-01-25,74258,36873,48565,2878530,11929049,587805,870378,3435156,358408,2176422,36267,19393485,36947,183,729813,121,6042,140,19397,697877,14506,18.47,443.17,358.57,8605.58,31420,17726,3329,329,9536,807,4132,0
2018-01-26,75048,37231,48666,2897905,11995230,590132,875109,3466806,360523,2201260,36423,19525483,36954,187,732609,121,6047,141,19399,699894,13987,8.83,212.01,219.11,5258.67,31496,17778,3340,333,9536,804,4138,0
2018-01-27,75401,37461,48773,2909860,12047290,592465,878853,3499024,362391,2217783,36557,19634363,36957,181,735024,121,6064,141,19399,701831,13068,14.59,350.15,197.37,4736.84,31539,17824,3350,335,9538,806,4139,0
2018-01-28,75735,37622,48905,2920525,12100546,594679,883897,3530946,363889,2232903,36689,19743549,36972,171,737514,121,6078,141,19400,705439,12164,16.15,387.64,400.89,9621.38,31593,17872,3357,339,9539,807,4141,0
2018-01-29,76177,37868,49014,2933820,12155357,597329,888674,3562321,365275,2248029,36829,19853814,36978,166,739770,121,6094,141,19405,708082,12756,16.67,399.98,368.1,8834.36,31678,17922,3360,328,9552,803,4146,0
2018-01-30,77140,38273,49131,2956500,12226237,600813,894653,3605890,367515,2273860,36998,20005966,36989,151,741960,121,6107,141,19408,710401,12969,24.25,581.97,279.5,6708.07,31765,17988,3360,329,9559,802,4149,0
2018-01-31,77929,38695,49260,2978165,12302123,604035,900407,3647784,369863,2300815,37210,20162237,37003,132,744064,122,6123,141,19412,712731,17065,18.02,432.58,452.26,10854.27,31874,18059,3377,331,9564,805,4151,0
2018-02-01,79495,39424,49418,3016000,12407765,607796,908589,3696938,373643,2342764,37446,20374941,37014,139,746285,122,6133,141,19414,715284,19124,28.62,686.97,696.32,16711.8,31954,18134,3385,337,9568,803,4156,0
2018-02-02,81066,40160,49601,3054685,12550215,612633,918972,3757228,378640,2394862,37766,20650316,37015,144,748440,122,6139,143,19418,717602,14778,14.08,337.92,370.75,8898.04,32026,18194,3395,337,9572,807,4158,0
2018-02-03,81875,40410,49751,3072775,12629157,615791,924313,3803853,381199,2420930,37938,20813181,37028,148,749923,122,6144,143,19418,719208,14073,5.59,134.15,266.47,6395.26,32081,18246,3401,338,9574,808,4160,0
2018-02-04,82849,40745,49853,3093440,12705271,618615,929289,3852898,383564,2448198,38340,20976175,37033,148,751765,122,6151,143,19421,721408,15333,14.8,355.22,515.02,12360.52,32148,18301,3411,338,9577,806,4163,0
2018-02-05,84315,41570,50051,3133675,12842725,623250,938423,3916531,388963,2505198,38670,21253760,37039,154,753881,122,6155,143,19422,723496,18019,13.48,323.62,534.12,12818.99,32219,18360,3415,339,9586,808,4163,0
2018-02-06,86188,42540,50288,3182580,13017157,629085,948557,4001263,396151,2576295,39092,21607600,37052,154,756448,123,6181,143,19427,726202,16361,12.81,307.46,259.74,6233.77,32297,18403,3424,333,9597,813,4164,0
2018-02-07,87393,42968,50462,3209680,13131627,632673,955671,4056081,400058,2619391,39356,21834857,37059,153,758655,123,6192,143,19429,727969,13825,14.41,345.85,398.23,9557.52,32376,18451,3430,335,9600,815,4164,0
2018-02-08,87843,43194,50629,3224005,13224911,635785,961710,4100455,402863,2652977,39584,22018285,37072,154,761321,123,6198,146,19440,730053,14175,16.95,406.76,373.06,8953.37,32453,18497,3442,316,9623,816,4170,0
2018-02-09,88649,43471,50759,3242240,13302352,638728,966517,4148214,405115,2679661,39775,22180362,37077,138,764195,123,6223,154,19441,731826,12782,12.84,308.21,247.59,5942.23,32528,18543,3449,319,9625,822,4171,0
2018-02-10,89260,43694,50864,3256550,13375647,642219,970753,4195592,407252,2704048,39927,22335438,37085,146,765967,123,6225,155,19444,733157,12268,10.52,252.51,203.39,4881.36,32581,18577,3455,319,9631,823,4172,0
2018-02-11,89799,43877,50990,3269665,13439387,644444,974291,4243891,409065,2725968,40048,22477094,37092,148,767777,123,6228,155,19444,734334,11427,9.15,219.72,175.1,4202.33,32633,18615,3464,322,9632,824,4172,0
2018-02-12,90455,44142,51102,3285650,13512929,647015,978668,4283428,411345,2752262,40216,22625863,37098,136,769211,126,6235,193,19468,735624,17771,14.51,348.34,266.47,6395.26,32686,18660,3477,313,9643,819,4176,0
2018-02-13,91115,44380,51199,3300625,13578423,649315,982407,4318102,413094,2775337,40373,22757051,37108,138,770504,126,6244,207,19478,736966,11794,13.42,322.04,332.41,7977.84,32740,18698,3482,319,9647,824,4179,0
2018-02-14,91565,44627,51288,3313525,13644466,651432,986184,4339224,414864,2797843,40502,22874515,37111,124,771812,126,6260,210,19485,737984,14515,1.82,43.77,267.26,6414.25,32779,18730,3485,317,9654,824,4180,0
2018-02-15,91976,44878,51384,3326310,13706656,653402,989541,4359981,416591,2819055,40612,22985838,37115,129,773252,126,6273,213,19488,738900,12899,9.57,229.78,429.59,10310.26,32806,18748,3489,318,9659,824,4182,0
2018-02-16,91976,44878,51384,3326310,13706656,653402,989541,4359981,416591,2819055,40612,22985838,37115,129,773252,126,6273,213,19488,738900,12899,9.57,229.78,429.59,10310.26,32806,18748,3489,318,9659,824,4182,0
2018-02-17,91976,44878,51384,3326310,13706656,653402,989541,4359981,416591,2819055,40612,22985838,37115,129,773252,126,6273,213,19488,738900,12899,9.57,229.78,429.59,10310.26,32806,18748,3489,318,9659,824,4182,0
2018-02-18,91976,44878,51384,3326310,13706656,653402,989541,4359981,416591,2819055,40612,22985838,37115,129,773252,126,6273,213,19488,738900,12899,9.57,229.78,429.59,10310.26,32806,18748,3489,318,9659,824,4182,0
2018-02-19,91976,44878,51384,3326310,13706656,653402,989541,4359981,416591,2819055,40612,22985838,37115,129,773252,126,6273,213,19488,738900,12899,9.57,229.78,429.59,10310.26,32806,18748,3489,318,9659,824,4182,0
2018-02-20,91976,44878,51384,3326310,13706656,653402,989541,4359981,416591,2819055,40612,22985838,37115,129,773252,126,6273,213,19488,738900,12899,9.57,229.78,429.59,10310.26,32806,18748,3489,318,9659,824,4182,0
2018-02-21,94819,46018,52073,3400465,14134028,666969,1013731,4578107,428389,2950441,41542,23813207,37212,174,782503,127,6325,232,19523,747671,10058,12.65,303.52,246.58,5917.81,33111,18967,3523,332,9687,831,4204,0
2018-02-22,95542,46325,52152,3417345,14202748,669243,1017790,4615509,430564,2977239,41685,23954778,37230,195,784136,127,6331,232,19523,748923,9403,12.75,305.95,235.29,5647.06,33182,19000,3527,330,9695,833,4205,0
2018-02-23,96065,46527,52226,3429475,14260393,671057,1021196,4645926,432217,2997783,41828,24070400,37243,181,785306,127,6336,235,19525,749967,7758,14.38,345.05,226.7,5440.81,33276,19052,3536,328,9702,835,4208,0
2018-02-24,96653,46758,52305,3443105,14308724,672472,1024174,4670662,433910,3017235,41935,24169112,37248,180,786637,127,6338,236,19527,750930,10346,8.81,211.52,252.45,6058.91,33371,19093,3544,331,9705,837,4211,0
2018-02-25,97107,46941,52388,3454295,14351642,673853,1026689,4696873,435152,3033208,42023,24259440,37257,184,787946,127,6337,236,19530,751916,9177,7.15,171.69,204.2,4900.74,33431,19140,3546,330,9707,837,4214,0
2018-02-26,97618,47112,52466,3465630,14408385,675909,1030092,4724484,436843,3052808,42185,24370706,37269,170,789398,127,6340,240,19533,753024,10428,10.79,258.95,200.0,4800.0,33552,19188,3552,331,9713,843,4215,0
2018-02-27,98043,47281,52568,3476655,14461582,677791,1033399,4747182,438486,3069957,42349,24470746,37272,169,790980,127,6353,240,19535,754140,10632,12.01,288.34,269.87,6476.76,33652,19245,3560,337,9719,843,4220,0
2018-02-28,98526,47509,52652,3489285,14509722,679299,1036573,4774419,439994,3086946,42472,24569425,37283,163,792435,127,6358,241,19537,755242,11274,12.62,302.92,209.79,5034.97,33746,19307,3571,340,9723,841,4223,0
2018-03-01,98946,47680,52745,3500085,14557793,680905,1039487,4798935,441589,3104505,42602,24665816,37287,170,793712,127,6365,241,19542,756435,11020,10.54,253.04,269.26,6462.23,33822,19356,3571,337,9732,844,4226,0
2018-03-02,99400,47842,52796,3509950,14603392,682350,1041954,4816893,443123,3119594,42707,24750013,37290,163,794973,127,6377,243,19554,757323,13961,11.89,285.27,224.44,5386.53,33902,19399,3576,340,9734,843,4228,0
2018-03-03,99742,48003,52869,3519220,14646870,683779,1044485,4834259,444531,3133917,42799,24830640,37290,150,796303,127,6378,243,19556,758296,16161,6.78,162.74,133.09,3194.09,33936,19446,3577,341,9738,843,4230,0
2018-03-04,100206,48133,52930,3528635,14683295,685253,1046454,4854043,445619,3146309,42902,24903875,37296,143,797431,127,6382,245,19558,759225,14781,3.92,94.01,118.58,2845.85,33996,19487,3587,344,9742,847,4230,0
2018-03-05,100530,48296,52993,3537525,14725839,689119,1048996,4871990,446876,3160081,43000,24985901,37312,124,798831,127,6389,246,19559,760143,11176,11.13,267.14,206.42,4954.13,34092,19534,3601,331,9763,844,4236,0
2018-03-06,100945,48515,53056,3548725,14772661,690607,1051738,4891654,448291,3178175,43103,25076229,37322,149,800117,129,6392,246,19566,761156,11210,9.28,222.65,227.42,5457.99,34175,19592,3607,310,9795,805,4282,0
2018-03-07,101535,48784,53115,3562825,14826610,692322,1054571,4913144,449921,3201213,43198,25180979,37327,140,800739,129,6403,263,19578,762211,11839,9.68,232.37,229.3,5503.18,34259,19654,3616,302,9815,788,4302,0
2018-03-08,102287,49016,53178,3577720,14879106,694177,1057393,4932384,451455,3222118,43315,25279948,37324,140,801572,130,6407,316,19638,763301,12875,12.97,311.19,260.12,6242.77,34344,19723,3628,305,9817,790,4304,0
2018-03-09,103105,49351,53238,3595775,14942522,696268,1060684,4954095,453774,3248931,43463,25399737,37337,144,800298,130,6418,318,19643,764382,14413,11.65,279.52,202.13,4851.21,34417,19743,3642,309,9818,793,4306,0
2018-03-10,103564,49493,53298,3605415,14982912,697489,1063072,4969845,454883,3264347,43542,25476090,37342,149,801330,130,6422,336,19650,765128,10918,7.7,184.81,178.48,4283.59,34464,19767,3644,312,9820,796,4309,0
2018-03-11,104075,49570,53359,3613975,15024287,698875,1065372,4986531,456065,3281226,43632,25555988,37344,131,802130,130,6427,336,19652,765815,11984,4.5,107.9,184.43,4426.23,34508,19797,3647,314,9822,794,4313,0
2018-03-12,104759,49835,53428,3629165,15075859,701812,1068054,5005172,457671,3302095,43755,25654418,37339,119,803445,132,6430,345,19656,767279,13050,11.36,272.56,190.78,4578.7,34589,19863,3653,318,9827,793,4315,0
2018-03-13,105211,50013,53495,3639810,15118110,703252,1070291,5020685,459087,3317745,43867,25733037,37346,130,804659,132,6434,345,19656,768867,12739,9.16,219.86,202.7,4864.86,34661,19920,3652,309,9841,791,4318,0
2018-03-14,105873,50341,53549,3655980,15170753,704900,1073302,5039934,461029,3342683,44010,25836611,37355,125,805880,132,6440,346,19656,769905,12566,12.56,301.41,276.29,6630.85,34743,19969,3665,295,9861,785,4326,0
2018-03-15,106508,50617,53611,3670780,15232728,706847,1076557,5060829,463160,3368552,44157,25952830,37363,124,807069,132,6447,346,19656,770868,10435,13.63,327.16,161.8,3883.15,34810,20016,3664,299,9865,788,4327,0
2018-03-16,106907,50846,53665,3681845,15277018,708356,1078850,5076443,464620,3387664,44248,26037199,37362,129,807965,132,6458,346,19658,771682,9354,9.41,225.95,159.93,3838.29,34865,20064,3668,301,9870,789,4329,0
2018-03-17,107292,51014,53713,3691095,15317037,709633,1080985,5091643,466048,3405534,44329,26115209,37372,129,808721,132,6457,346,19659,772392,11255,6.22,149.17,158.87,3812.89,34908,20098,3669,301,9872,778,4340,0
2018-03-18,107836,51353,53776,3706585,15372895,711234,1083744,5114778,468284,3432331,44470,26227736,37369,127,809612,132,6460,351,19670,773298,12229,7.24,173.82,256.96,6167.02,34944,20128,3673,308,9874,778,4341,0
2018-03-19,108358,51565,53836,3718605,15426346,712731,1086239,5134601,470161,3454370,44580,26329028,37376,115,810302,132,6462,356,19673,774143,12903,9.53,228.81,245.4,5889.57,35004,20170,3670,307,9883,782,4342,0
2018-03-20,108908,51730,53913,3730155,15473079,714131,1088614,5153586,471895,3475332,44698,26421335,37379,120,809818,133,6460,363,19686,775106,11626,7.79,187.04,213.27,5118.48,35053,20211,3672,308,9887,787,4343,0
2018-03-21,109264,51840,53957,3737565,15521770,715534,1091198,5173540,473543,3495198,44801,26515584,37375,115,811312,134,6469,370,19700,775905,9968,8.25,197.94,291.26,6990.29,35120,20259,3678,311,9895,782,4352,0
2018-03-22,109663,52028,54016,3747730,15565367,716732,1093583,5188773,475110,3513212,44887,26597664,37377,119,812268,134,6469,380,19713,776740,9603,9.22,221.21,169.65,4071.63,35198,20299,3684,306,9907,781,4357,0
2018-03-23,110041,52186,54065,3756685,15603214,718071,1095541,5206219,476255,3528825,44983,26673108,37382,114,813082,135,6476,384,19714,777412,9861,8.86,212.62,160.07,3841.71,35248,20334,3689,314,9908,781,4360,0
2018-03-24,110192,52238,54096,3760270,15636190,718928,1097343,5223014,477462,3542513,45043,26740493,37383,110,813841,135,6478,385,19719,777973,10035,4.19,100.64,155.91,3741.88,35278,20366,3713,309,9914,781,4361,0
2018-03-25,110509,52324,54127,3766365,15665027,720182,1098822,5235666,478382,3554658,45105,26797842,37388,112,814701,135,6477,385,19719,778557,10628,3.98,95.51,122.08,2929.81,35303,20399,3714,313,9915,781,4364,0
2018-03-26,111109,52564,54172,3779490,15708960,722292,1101282,5254192,480073,3575699,45228,26887726,37390,113,815442,135,6482,404,19724,779269,9814,9.84,236.27,225.14,5403.38,35371,20437,3710,322,9920,783,4367,0
2018-03-27,111555,52789,54210,3790525,15751505,723574,1103511,5270601,481561,3592860,45309,26968921,37403,127,816492,135,6485,404,19724,780198,10870,7.15,171.59,199.34,4784.05,35443,20475,3713,312,9936,774,4377,0
2018-03-28,111970,53008,54250,3801150,15788275,725012,1105567,5286077,482738,3608340,45391,27041400,37407,124,817279,135,6490,412,19731,781226,11395,9.12,218.96,162.82,3907.73,35495,20508,3719,317,9942,774,4384,0
2018-03-29,112705,53441,54295,3820450,15837333,726754,1108290,5304758,484711,3633593,45491,27140930,37411,127,817908,135,6495,431,19743,782325,12584,10.82,259.79,266.67,6400.0,35579,20551,3723,305,9961,771,4391,0
2018-03-30,113571,53835,54354,3840435,15895950,728978,1111186,5327817,487045,3662488,45634,27259098,37430,138,818528,135,6497,435,19748,783566,11168,10.03,240.77,247.42,5938.14,35619,20582,3727,303,9970,769,4398,0
2018-03-31,114081,54022,54404,3851460,15934494,730375,1113253,5343494,488390,3679109,45707,27334822,37430,135,819198,135,6495,435,19748,784587,9923,8.17,196.14,210.16,5043.78,35671,20596,3732,303,9971,770,4399,0
2018-04-01,114682,54274,54447,3864845,15977799,731782,1115401,5361049,490138,3699846,45795,27421810,37422,129,819722,135,6502,436,19748,785611,8996,10.58,254.04,172.33,4135.95,35711,20615,3739,302,9976,769,4401,0
2018-04-02,115199,54464,54495,3875965,16025519,733348,1118219,5375668,491735,3718595,45891,27508975,37421,117,820353,135,6501,440,19751,786585,8075,9.25,221.97,83.92,2013.99,35762,20650,3741,306,9981,768,4405,0
2018-04-03,115679,54738,54544,3888840,16068823,734892,1120602,5392104,493157,3737194,45983,27592755,37418,109,820999,135,6503,440,19751,787805,7383,7.43,178.36,144.06,3457.38,35802,20697,3739,308,9984,766,4415,0
2018-04-04,116345,55012,54589,3903475,16108519,736285,1122695,5406305,494697,3756150,46071,27670722,37423,114,821764,135,6507,441,19755,788882,9894,11.36,272.56,191.39,4593.3,35840,20724,3742,311,9989,766,4420,0
2018-04-05,116937,55259,54640,3916845,16147786,737689,1124702,5421636,495960,3772559,46155,27746487,37428,105,822433,135,6509,444,19767,790067,9012,11.55,277.28,136.11,3266.54,35877,20749,3743,308,10002,766,4421,0
2018-04-06,117619,55503,54674,3930615,16184254,738857,1126622,5434024,497026,3787970,46241,27814994,37430,93,823193,135,6520,444,19769,791109,8938,11.36,272.53,180.45,4330.83,35905,20768,3746,315,10004,765,4424,0
2018-04-07,117909,55680,54710,3938840,16215230,739802,1128256,5446034,497978,3801761,46302,27875363,37434,109,823928,135,6518,443,19769,791945,9173,5.01,120.26,111.87,2684.9,35930,20792,3749,307,10015,765,4426,0
2018-04-08,118434,55858,54744,3949390,16242273,740817,1129942,5457072,498820,3813607,46385,27928916,37421,109,1675,595,0,17,565,792905,8024,6.52,156.57,123.63,2967.03,35981,20812,3755,301,10026,766,4427,0
2018-04-09,118976,56039,54791,3960510,16282230,742155,1131813,5471009,500043,3830949,46473,28004672,37420,117,211146,135,6525,467,19787,793816,17781,9.72,233.29,180.0,4320.0,36032,20847,3753,299,10037,762,4430,0
2018-04-10,119305,56178,54832,3968300,16313421,743241,1133398,5481416,501111,3843516,46618,28062721,37423,116,827339,139,6537,501,19843,794795,8522,10.06,241.48,119.88,2877.12,36081,20874,3754,295,10048,763,4430,0
2018-04-11,119755,56322,54863,3977175,16343562,744310,1134971,5490431,502076,3854976,46711,28117037,37426,103,828216,139,6538,507,19846,795820,7950,10.7,256.73,164.84,3956.04,36145,20913,3760,292,10066,761,4437,0
2018-04-12,120472,56646,54913,3993695,16393681,745978,1137578,5506424,503943,3877425,46817,28211846,37425,107,828680,150,6536,527,19881,796875,9538,15.99,383.86,248.79,5970.97,36199,20939,3760,294,10076,762,4443,0
2018-04-13,120916,56903,54978,4006185,16441542,747633,1139950,5522059,505656,3896482,46907,28300229,37425,116,829221,150,6543,528,19886,797958,11595,11.19,268.53,202.7,4864.86,36248,20971,3770,296,10089,755,4455,0
2018-04-14,121396,57009,55011,4014460,16473586,748589,1141455,5532452,506594,3907708,46962,28357346,37425,125,830041,151,6553,541,19891,798809,11902,7.06,169.36,197.04,4729.06,36291,21010,3770,295,10092,756,4455,0
2018-04-15,122073,57129,55050,4025205,16507499,749826,1143115,5544233,507557,3920741,47027,28419998,37425,129,830589,151,6552,555,19902,799759,10066,9.78,234.62,149.25,3582.09,36336,21031,3778,297,10096,757,4455,0
2018-04-16,122683,57303,55085,4036530,16544896,751415,1144926,5558260,508937,3936443,47113,28491990,37425,146,831335,151,6553,561,19920,800797,7893,11.53,276.71,232.86,5588.62,36390,21050,3774,295,10105,755,4460,0
2018-04-17,123113,57427,55128,4045005,16578221,752744,1146612,5569932,510167,3950068,47195,28554939,37425,157,831998,151,6549,571,19936,801627,12711,9.42,225.98,142.74,3425.85,36449,21094,3777,292,10117,756,4464,0
2018-04-18,123509,57562,55162,4053190,16609450,753959,1148184,5579873,511410,3962023,47263,28612162,37425,162,832816,152,6548,615,19973,802500,11131,10.14,243.42,121.38,2913.01,36491,21120,3779,296,10125,752,4470,0
2018-04-19,124010,57688,55198,4062250,16640930,755138,1149881,5590239,512746,3974029,47339,28670302,37425,171,833483,152,6550,617,19977,803262,9719,10.63,255.12,125.44,3010.45,36523,21149,3782,298,10129,753,4470,0
2018-04-20,124445,57868,55238,4072100,16677138,756424,1151671,5602278,514064,3987808,47410,28736793,37425,183,834261,152,6555,616,19977,804075,13286,10.89,261.34,304.05,7297.3,36555,21169,3783,308,10133,747,4480,0
2018-04-21,124819,57991,55275,4079840,16714560,757606,1153416,5615077,515328,4000473,47464,28803924,37425,180,834925,152,6566,618,19980,805066,10077,6.83,163.93,163.04,3913.04,36581,21191,3789,310,10137,748,4480,0
2018-04-22,125114,58098,55318,4086540,16746981,758705,1155063,5626760,516375,4012261,47517,28863662,37425,184,835302,152,6570,635,20006,805957,11291,6.82,163.7,182.19,4372.47,36615,21211,3792,309,10140,748,4481,0
2018-04-23,125633,58268,55356,4096930,16781469,760018,1156884,5640228,517652,4024839,47581,28928671,37425,180,835919,152,6570,646,20019,807024,22131,17.05,409.28,144.23,3461.54,36653,21227,3792,303,10152,750,4484,0
2018-04-24,126321,58487,55402,4110435,16826947,761974,1159045,5655064,519081,4042414,47668,29012193,37425,164,836493,152,6584,661,20043,808309,16848,15.33,367.93,277.99,6671.81,36696,21253,3796,298,10166,749,4487,0
2018-04-25,126850,58757,55459,4123900,16877750,763618,1161580,5673418,520740,4062302,47747,29107155,37425,164,837174,152,6574,668,20048,809377,9325,12.61,302.57,194.38,4665.23,36740,21291,3802,308,10171,750,4487,0
2018-04-26,127411,58923,55510,4134935,16914941,764843,1163290,5689999,521801,4076582,47817,29179273,37425,161,837803,152,6582,687,20053,810338,8184,10.21,245.11,181.27,4350.45,36795,21315,3805,298,10192,751,4492,0
2018-04-27,127893,59073,55546,4144405,16948891,765949,1164828,5701166,522789,4089273,47863,29240759,37425,144,838327,152,6583,697,20060,811180,8780,12.55,301.18,171.67,4120.17,36835,21350,3806,300,10194,752,4495,0
2018-04-28,128129,59140,55573,4149115,16977127,766871,1166242,5709695,523552,4100023,47892,29291402,37425,154,838675,152,6589,709,20062,812039,11931,7.31,175.34,147.54,3540.98,36867,21382,3810,301,10196,755,4497,0
2018-04-29,128454,59233,55603,4155440,17004910,767736,1167446,5718474,524418,4110261,47930,29341175,37425,166,839014,153,6592,737,20085,812989,11875,7.7,184.73,130.29,3127.04,36889,21411,3812,308,10196,758,4497,0
2018-04-30,128701,59324,55642,4161160,17033693,768670,1168896,5727146,525314,4120826,47983,29392528,37425,158,839357,153,6594,765,20114,813915,10304,11.05,265.23,199.78,4794.67,36927,21434,3812,308,10207,758,4502,0
2018-05-01,128985,59439,55680,4167825,17063753,769651,1170257,5737930,526177,4132950,48041,29448759,37425,168,839709,155,6596,786,20126,815151,13221,9.38,225.01,131.58,3157.89,36938,21336,3812,307,10217,761,4504,0
2018-05-02,129302,59530,55711,4174045,17091035,770761,1171813,5747058,526871,4143354,48105,29498997,37425,181,840129,155,6606,810,20148,816022,18793,12.38,297.19,146.34,3512.2,36987,21359,3811,310,10223,761,4508,0
2018-05-03,129613,59646,55737,4180705,17124557,771965,1173427,5756957,527945,4154876,48163,29557890,37425,173,840727,157,6605,823,20167,817099,9620,10.33,247.93,141.73,3401.57,37044,21378,3815,309,10231,760,4510,0
2018-05-04,129796,59744,55777,4185985,17158410,773091,1175206,5766064,528852,4165544,48208,29615375,37425,182,841012,159,6608,856,20227,818156,9564,10.44,250.57,136.05,3265.31,37088,21407,3822,310,10233,762,4505,0
2018-05-05,130112,59858,55814,4192920,17191640,774257,1176965,5775122,529723,4176548,48256,29672511,37425,171,840903,159,6609,915,20248,819152,8947,8.23,197.63,152.35,3656.37,37112,21440,3829,309,10236,762,4506,0
2018-05-06,130279,59920,55856,4197190,17220263,775191,1178606,5785126,530586,4186672,48300,29724744,37425,179,841032,162,6610,973,20286,820141,8365,5.42,129.99,112.15,2691.59,37139,21462,3833,312,10236,761,4507,0
2018-05-07,130679,60039,55896,4205165,17252197,776243,1180140,5796152,531361,4197711,48348,29782152,37425,176,841914,163,6616,984,20299,821076,7153,7.73,185.59,132.84,3188.19,37174,21485,3836,310,10244,762,4511,0
2018-05-08,130914,60167,55930,4211565,17281660,777205,1181475,5805781,532049,4208248,48392,29834810,37425,172,842638,164,6614,996,20309,822257,8242,9.76,234.12,157.07,3769.63,37201,21516,3840,316,10244,762,4512,0
2018-05-09,131188,60278,55952,4217630,17310982,778148,1182728,5814742,532632,4219116,48430,29886778,37425,197,843389,165,6617,996,20313,823409,8562,10.79,259.06,165.44,3970.59,37245,21547,3845,317,10257,759,4516,0
2018-05-10,131484,60376,55980,4223740,17338164,778962,1184018,5823372,533279,4229179,48479,29935453,37425,201,844049,165,6631,1000,20316,824530,10532,10.43,250.3,121.25,2910.07,37285,21582,3849,316,10264,760,4516,0
2018-05-11,132008,60612,56023,4235955,17375899,780137,1185914,5835644,534382,4246301,48525,30006802,37425,219,844049,165,6631,1000,20316,825628,8665,10.02,240.55,142.12,3410.98,37316,21595,3844,319,10265,766,4516,0
2018-05-12,132377,60720,56058,4243220,17405772,780967,1187126,5846402,535188,4258982,48561,30062998,37425,223,844049,165,6631,1000,20316,826547,8033,6.76,162.34,167.05,4009.28,37344,21617,3843,318,10269,765,4517,0
2018-05-13,132648,60677,56089,4245630,17431883,781880,1188152,5854680,535925,4268991,48600,30110111,37425,219,844049,165,6631,1000,20316,827519,10037,4.8,115.25,189.37,4544.98,37381,21644,3852,320,10270,768,4520,0
2018-05-14,133068,60857,56122,4255155,17465192,782930,1189554,5866072,536928,4282987,48659,30172322,37425,202,844049,165,6631,1000,20316,828621,9743,10.6,254.28,114.5,2748.09,37422,21672,3853,304,10291,765,4526,0
2018-05-15,133355,60963,56158,4261575,17494460,784054,1190744,5875063,537658,4294346,48712,30225037,37425,193,844049,165,6631,1000,20316,829593,12737,10.06,241.5,160.07,3841.71,37470,21707,3858,302,10298,759,4536,0
2018-05-16,133655,61075,56198,4268375,17523457,785156,1192003,5884398,538457,4306966,48765,30279202,37425,146,844049,165,6631,1000,20316,830573,11791,9.95,238.79,188.19,4516.47,37529,21743,3862,305,10304,761,4537,0
2018-05-17,134063,61210,56216,4276280,17549103,786115,1193070,5892881,539194,4317868,48808,30327039,37425,129,844049,165,6631,1000,20316,831540,10238,10.37,248.98,183.86,4412.67,37577,21787,3873,307,10313,764,4539,0
2018-05-18,134334,61330,56253,4282915,17576740,787060,1194188,5901685,540012,4330092,48849,30378626,37425,136,844049,165,6631,1000,20316,832449,8588,8.44,202.59,114.14,2739.38,37629,21807,3875,310,10321,764,4548,0
2018-05-19,134653,61411,56277,4288730,17596375,787814,1194992,5908597,540577,4338486,48892,30415733,37425,118,844049,165,6631,1000,20316,833448,9355,4.83,115.94,130.29,3127.04,37669,21832,3877,313,10321,764,4550,0
2018-05-20,134953,61478,56301,4294005,17618918,788556,1196037,5916274,541106,4347769,48928,30457588,37425,106,844049,165,6631,1000,20316,834355,8230,4.15,99.62,187.99,4511.75,37691,21849,3876,314,10322,766,4552,0
2018-05-21,135246,61563,56328,4299735,17642105,789508,1197135,5924785,541661,4357667,48986,30501847,37425,120,844049,165,6631,1000,20316,835428,7236,8.41,201.85,135.44,3250.56,37730,21869,3879,318,10327,768,4554,0
2018-05-22,135584,61677,56360,4306765,17665985,790627,1198247,5933760,542255,4369033,49046,30548953,37425,122,844049,165,6631,1000,20316,836481,8877,11.93,286.38,171.59,4118.21,37782,21903,3880,320,10336,775,4554,0
2018-05-23,136273,61899,56397,4320130,17701307,792006,1199675,5946359,543360,4387710,49096,30619513,37425,116,844049,165,6631,1000,20316,837571,8336,11.26,270.13,188.19,4516.47,37821,21942,3883,324,10339,774,4556,0
2018-05-24,136884,62082,56420,4331390,17733654,793243,1201015,5957130,544184,4402572,49162,30680960,37425,119,844049,165,6631,1000,20316,838583,8041,8.24,197.82,169.89,4077.39,37856,21968,3893,320,10348,773,4559,0
2018-05-25,137227,62242,56446,4339470,17758750,794340,1202019,5966027,544947,4413232,49211,30728526,37425,113,844049,165,6631,1000,20316,839604,8229,9.84,236.13,170.94,4102.56,37905,21995,3893,321,10348,772,4561,0
2018-05-26,137370,62255,56466,4341725,17779057,795023,1202818,5972693,545416,4421699,49241,30765947,37425,118,844049,165,6631,1000,20316,840543,7419,3.85,92.45,125.39,3009.4,37933,22011,3895,322,10349,772,4569,0
2018-05-27,137615,62317,56488,4346275,17798900,795638,1203647,5979925,545806,4430530,49279,30803725,37425,126,844049,165,6631,1000,20316,841483,8164,4.28,102.67,112.89,2709.31,37961,22017,3898,321,10350,774,4569,0
2018-05-28,138034,62452,56515,4354515,17825736,796762,1204958,5988182,546459,4442669,49330,30854096,37425,134,844049,165,6631,1000,20316,842686,10913,10.03,240.84,168.15,4035.5,38005,22040,3906,316,10357,772,4565,0
2018-05-29,138687,62664,56547,4367145,17856039,798094,1206287,5997201,547327,4458051,49375,30912374,37425,136,844049,165,6631,1000,20316,843946,9691,10.65,255.57,160.86,3860.59,38040,22060,3907,310,10368,773,4566,0
2018-05-30,138921,62781,56574,4373085,17882796,799183,1207384,6004935,548034,4469766,49420,30961518,37425,150,844049,165,6631,1000,20316,844912,8515,9.6,230.49,222.36,5336.63,38078,22092,3910,310,10377,769,4572,0
2018-05-31,139035,62837,56597,4376200,17907155,800264,1208395,6011873,548559,4480297,49462,31006005,37425,167,844049,165,6631,1000,20316,845920,10373,7.36,176.55,144.52,3468.49,38132,22120,3915,311,10380,772,4573,0
2018-06-01,139583,62955,56624,4385305,17929722,801114,1209304,6019440,549192,4489904,49494,31048170,37425,172,844049,165,6631,1000,20316,847014,8401,6.41,153.8,128.85,3092.34,38173,22147,3924,312,10386,775,4577,0
2018-06-02,139900,63045,56641,4391150,17950033,801770,1210146,6026597,549595,4498351,49532,31086024,37425,173,844049,165,6631,1000,20316,848095,7383,3.72,89.33,108.6,2606.33,38206,22164,3930,315,10387,775,4577,0
2018-06-03,140170,63117,56657,4396050,17970722,802456,1210958,6033239,550069,4507173,49569,31124186,37425,151,844049,165,6631,1000,20316,849326,8216,3.5,84.05,94.09,2258.23,38231,22184,3936,320,10387,777,4578,0
2018-06-04,140431,63213,56678,4401585,17994133,803457,1211979,6041279,550582,4517391,49615,31168436,37425,143,844049,165,6631,1000,20316,850421,8677,8.93,214.22,159.79,3834.89,38274,22191,3938,323,10392,775,4581,0
2018-06-05,140762,63321,56705,4408270,18016932,804504,1213003,6048458,551200,4527817,49660,31211574,37425,135,844049,165,6631,1000,20316,851584,8735,5.98,143.48,136.57,3277.69,38330,22225,3939,324,10399,778,4582,0
2018-06-06,141208,63470,56736,4417230,18041303,805655,1214034,6055718,551907,4538607,49686,31256910,37425,133,844049,165,6631,1000,20316,852589,9336,7.5,179.93,110.16,2643.82,38371,22247,3941,326,10401,777,4584,0
2018-06-07,141494,63535,56761,4422340,18063584,806547,1214962,6062116,552450,4548462,49721,31297842,37425,134,844049,165,6631,1000,20316,853728,8303,8.86,212.55,147.97,3551.17,38416,22266,3946,324,10411,779,4585,0
2018-06-08,141917,63645,56783,4429870,18082926,807352,1215848,6068595,552946,4557413,49766,31334846,37425,134,844049,165,6631,1000,20316,854704,9100,5.78,138.61,155.91,3741.88,38459,22280,3948,325,10416,779,4586,0
2018-06-09,142093,63715,56796,4433705,18097028,808102,1216465,6073531,553265,4564228,49793,31362412,37425,133,844049,165,6631,1000,20316,855715,9198,4.36,104.58,127.57,3061.66,38491,22291,3945,326,10416,779,4586,0
2018-06-10,142640,63955,56820,4445775,18126332,808960,1217753,6082726,554436,4582276,49827,31422310,37425,142,844049,165,6631,1000,20316,856734,11738,4.36,104.72,296.3,7111.11,38521,22303,3949,327,10416,780,4586,0
2018-06-11,143101,64064,56857,4454035,18158057,810708,1219256,6091288,555471,4597553,49896,31482229,37425,153,844049,165,6631,1000,20316,857765,8013,11.96,287.01,170.62,4094.79,38547,22335,3952,328,10426,780,4590,0
2018-06-12,143793,64249,56882,4466205,18186802,811871,1220394,6099431,556259,4612674,49946,31537377,37425,157,844049,165,6631,1000,20316,858591,9144,11.03,264.72,248.62,5966.85,38595,22356,3955,333,10432,780,4592,0
2018-06-13,144796,64584,56923,4485635,18222301,813263,1221779,6110346,557374,4633754,49999,31608816,37425,166,844049,165,6631,1000,20316,859629,9903,13.48,323.46,188.88,4533.05,38665,22373,3964,330,10443,779,4596,0
2018-06-14,145427,64800,56946,4497920,18251977,814371,1222984,6119746,558315,4650097,50045,31667535,37425,161,844049,165,6631,1000,20316,860543,12596,8.59,206.23,163.34,3920.15,38727,22414,3966,321,10459,780,4598,0
2018-06-15,145930,64904,56967,4506075,18273997,815127,1223854,6126996,558738,4660710,50070,31709492,37425,167,844049,165,6631,1000,20316,861406,10018,6.01,144.26,110.29,2647.06,38761,22436,3964,319,10466,779,4602,0
2018-06-16,146332,65006,56986,4513120,18291560,815632,1224535,6131700,559114,4669634,50098,31742273,37425,163,844049,165,6631,1000,20316,862176,14929,3.75,90.06,107.98,2591.48,38789,22461,3966,317,10469,780,4602,0
2018-06-17,146597,65069,57002,4517745,18307959,816168,1225308,6136587,559463,4677997,50124,31773606,37425,162,844049,165,6631,1000,20316,863235,8452,4.44,106.53,95.62,2294.82,38813,22481,3971,318,10471,781,4602,0
2018-06-18,146986,65196,57017,4525185,18331153,817144,1226352,6142497,560070,4690316,50161,31817693,37425,158,844049,165,6631,1000,20316,864223,10364,7.67,183.98,125.35,3008.36,38847,22508,3971,319,10480,780,4607,0
2018-06-19,147310,65308,57033,4531625,18354324,818023,1227254,6148146,560587,4700989,50206,31859529,37425,156,844049,165,6631,1000,20316,865039,9322,9.43,226.4,120.2,2884.81,38890,22532,3979,318,10484,783,4612,0
2018-06-20,147590,65381,57049,4536650,18374919,818926,1228164,6154031,561057,4711013,50247,31898357,37425,149,844049,165,6631,1000,20316,866029,10869,9.81,235.4,113.07,2713.57,38930,22548,3978,317,10486,784,4614,0
2018-06-21,147762,65436,57070,4540270,18394025,819649,1228976,6159833,561496,4719416,50295,31933690,37425,147,844049,165,6631,1000,20316,866843,9129,6.7,160.85,104.8,2515.28,38964,22569,3984,320,10491,786,4615,0
2018-06-22,148544,65740,57097,4556365,18424105,820800,1230230,6167858,562404,4736720,50349,31992466,37425,138,844049,165,6631,1000,20316,867737,11518,7.79,187.04,197.8,4747.25,38985,22591,3980,321,10492,787,4616,0
2018-06-23,148947,65853,57118,4563745,18445719,823229,1231204,6173883,563012,4748243,50379,32035669,37425,146,844049,165,6631,1000,20316,868649,9430,4.67,112.01,144.06,3457.38,39010,22600,3984,323,10492,790,4617,0
2018-06-24,149876,66111,57139,4580010,18476507,824730,1232408,6182589,563970,4766080,50412,32096696,37425,160,844049,165,6631,1000,20316,869579,10891,6.0,144.06,205.83,4939.97,39021,22617,3982,310,10510,785,4624,0
2018-06-25,150597,66254,57157,4591245,18503561,825998,1233371,6189501,564756,4779196,50454,32146837,37425,157,844049,165,6631,1000,20316,870632,8958,9.14,219.27,129.5,3107.91,39042,22633,3980,314,10513,784,4627,0
2018-06-26,151097,66374,57182,4599870,18526188,827164,1234353,6196042,565401,4790217,50497,32189862,37425,154,844049,165,6631,1000,20316,871593,9857,11.22,269.39,207.37,4976.96,39085,22667,3984,312,10516,782,4631,0
2018-06-27,151593,66486,57200,4608080,18547594,828405,1235241,6202243,565973,4801113,50535,32231104,37425,154,844049,165,6631,1000,20316,872554,16428,9.52,228.44,138.2,3316.7,39118,22688,3987,316,10525,788,4631,0
2018-06-28,151997,66600,57213,4615295,18566016,829359,1236115,6207965,566433,4810764,50573,32267225,37425,172,844049,165,6631,1000,20316,873803,10943,9.59,230.26,215.96,5182.96,39154,22697,3986,319,10531,788,4634,0
2018-06-29,152705,66794,57241,4627925,18590988,830375,1237180,6215050,567120,4823648,50610,32314971,37425,160,844049,165,6631,1000,20316,874699,12112,8.2,196.76,236.84,5684.21,39178,22714,3984,317,10536,788,4636,0
2018-06-30,153033,66916,57269,4634955,18614126,831140,1238036,6221585,567805,4834958,50631,32358281,37425,142,844049,165,6631,1000,20316,875539,11344,7.01,168.36,173.16,4155.84,39193,22726,3985,321,10538,789,4636,0
2018-07-01,153296,67000,57286,4640110,18631146,831791,1238741,6226470,568201,4842901,50656,32389906,37425,130,844049,165,6631,1000,20316,876442,10592,4.51,108.31,133.19,3196.45,39203,22741,3983,323,10541,788,4640,0
2018-07-02,153725,67152,57304,4648650,18655889,832705,1239964,6232819,569042,4854688,50684,32435791,37425,142,844049,165,6631,1000,20316,877434,12530,10.2,244.83,159.93,3838.29,39240,22764,3991,325,10544,790,4639,0
2018-07-03,154123,67270,57323,4656055,18679027,833712,1240960,6239358,569729,4864963,50734,32478483,37425,142,844049,165,6631,1000,20316,878459,10416,7.31,175.47,118.23,2837.44,39294,22799,3992,325,10546,790,4643,0
2018-07-04,154451,67395,57355,4663260,18701805,834687,1241983,6246304,570335,4875652,50774,32521540,37425,136,844049,165,6631,1000,20316,879422,9440,8.01,192.16,97.27,2334.5,39325,22812,3999,320,10552,793,4646,0
2018-07-05,154750,67519,57382,4670025,18722777,835558,1242896,6252558,570959,4886138,50813,32561699,37425,140,844049,165,6631,1000,20316,880461,11214,9.66,231.83,113.53,2724.69,39360,22841,3999,317,10558,793,4649,0
2018-07-06,155017,67628,57405,4675995,18740058,836277,1243642,6258394,571423,4893770,50845,32594409,37425,145,844049,165,6631,1000,20316,881431,10149,7.95,190.86,150.94,3622.64,39387,22871,4004,318,10561,793,4650,0
2018-07-07,155204,67687,57417,4679640,18753589,836833,1244333,6263001,571750,4899298,50857,32619661,37425,150,844049,165,6631,1000,20316,882314,11733,5.62,134.85,108.7,2608.7,39407,22892,4003,322,10562,792,4653,0
2018-07-08,155434,67768,57445,4684665,18771657,837573,1245206,6268739,572317,4907004,50886,32653382,37425,149,844049,165,6631,1000,20316,883341,9223,4.31,103.41,101.72,2441.37,39443,22906,4005,321,10565,791,4654,0
2018-07-09,155626,67835,57459,4688610,18790555,838747,1246112,6274257,572951,4915436,50920,32688978,37425,143,844049,165,6631,1000,20316,884548,9009,9.74,233.7,143.54,3444.98,39481,22926,4009,310,10580,789,4656,0
2018-07-10,156079,67969,57476,4696915,18812606,839823,1247131,6281084,573732,4925960,50956,32731292,37425,139,844049,165,6631,1000,20316,885744,10003,5.32,127.61,115.46,2771.01,39517,22942,4006,309,10588,787,4661,0
2018-07-11,156283,68053,57508,4701855,18831869,840802,1248079,6286784,574409,4933811,50984,32766738,37425,112,844049,165,6631,1000,20316,886731,10643,8.65,207.64,101.01,2424.24,39545,22966,4006,311,10595,787,4664,0
2018-07-12,156666,68191,57527,4709610,18851110,841807,1249172,6292448,575168,4943353,51014,32804072,37425,110,844049,165,6631,1000,20316,887791,10765,7.26,174.17,178.13,4275.11,39588,22999,4008,317,10600,786,4669,0
2018-07-13,156893,68288,57543,4714705,18868931,842864,1250153,6297829,575898,4951396,51049,32838120,37425,112,844049,165,6631,1000,20316,888764,9519,9.54,229.07,72.27,1734.59,39616,23010,4011,317,10607,786,4670,0
2018-07-14,157133,68348,57564,4719130,18881471,843483,1250835,6301728,576256,4957236,51067,32862076,37425,103,844049,165,6631,1000,20316,889762,13615,3.81,91.56,113.21,2716.98,39633,23033,4015,314,10616,784,4673,0
2018-07-15,157302,68455,57586,4724045,18896141,844128,1251499,6306609,576756,4964200,51091,32890424,37425,104,844049,165,6631,1000,20316,890653,9771,3.89,93.27,109.76,2634.15,39662,23047,4015,317,10619,784,4674,0
2018-07-16,157694,68585,57604,4731665,18918531,845307,1252595,6312825,577663,4975640,51117,32933678,37425,93,844049,165,6631,1000,20316,891625,9946,8.73,209.63,89.53,2148.72,39699,23064,4020,317,10627,780,4683,0
2018-07-17,158172,68838,57632,4743470,18952853,846729,1254112,6321317,579326,4992086,51161,32997584,37425,96,844049,165,6631,1000,20316,892444,10299,13.14,315.44,167.29,4014.87,39735,23087,4021,317,10646,778,4689,0
2018-07-18,158798,69036,57670,4755630,18989463,848358,1255495,6330393,580695,5007372,51208,33062984,37425,93,844049,165,6631,1000,20316,893446,8660,11.15,267.57,117.26,2814.33,39775,23113,4030,314,10656,781,4690,0
2018-07-19,159100,69158,57701,4762475,19015946,849375,1256539,6337598,581661,5017774,51236,33110129,37425,91,844049,165,6631,1000,20316,894532,8479,9.34,224.09,124.74,2993.76,39808,23133,4032,322,10663,773,4698,0
2018-07-20,159551,69315,57735,4771760,19040020,850326,1257506,6344185,582510,5028668,51294,33154509,37425,104,844049,165,6631,1000,20316,895553,7510,9.27,222.4,76.22,1829.35,39836,23149,4033,324,10671,774,4699,0
2018-07-21,159760,69394,57751,4776225,19055350,850910,1258105,6349410,582998,5035763,51318,33183854,37425,113,844049,165,6631,1000,20316,896524,11987,4.28,102.82,135.29,3246.9,39862,23166,4038,327,10671,777,4704,0
2018-07-22,160083,69517,57769,4782980,19073769,851673,1258883,6355030,583707,5044927,51361,33219350,37425,111,844049,165,6631,1000,20316,897451,8423,5.82,139.6,94.46,2267.12,39889,23169,4034,320,10683,776,4708,0
2018-07-23,160189,69632,57796,4787590,19102749,852886,1260127,6362461,584867,5057785,51401,33272276,37425,116,844049,165,6631,1000,20316,898399,10822,8.31,199.4,144.35,3464.31,39915,23193,4038,313,10693,775,4714,0
2018-07-24,160603,69810,57822,4796830,19134391,854051,1261456,6369697,586077,5071903,51436,33329011,37425,129,844049,165,6631,1000,20316,899317,9424,12.39,297.3,149.63,3591.02,39948,23215,4041,313,10693,778,4715,0
2018-07-25,160926,69946,57854,4804260,19165758,855438,1262684,6377647,587047,5084435,51490,33384499,37425,141,844049,165,6631,1000,20316,900174,9202,9.03,216.69,94.61,2270.7,39984,23250,4044,308,10702,777,4720,0
2018-07-26,161397,70083,57893,4813370,19190540,856359,1263699,6383327,587795,5094492,51535,33427747,37425,145,844049,165,6631,1000,20316,900963,10170,9.71,233.01,212.26,5094.34,40004,23267,4046,318,10707,781,4723,0
2018-07-27,161863,70236,57919,4822505,19216342,857236,1264775,6390229,588601,5106448,51584,33475215,37425,135,844049,165,6631,1000,20316,901928,9872,7.98,191.57,138.51,3324.36,40036,23287,4049,324,10711,784,4727,0
2018-07-28,162118,70303,57935,4827130,19232857,857756,1265437,6394210,589056,5113573,51608,33504497,37425,135,844049,165,6631,1000,20316,902749,8408,4.38,105.21,79.35,1904.34,40075,23305,4056,329,10712,782,4730,0
2018-07-29,162547,70383,57952,4833845,19248893,858428,1266358,6398228,589569,5120611,51637,33533724,37425,127,844049,165,6631,1000,20316,903645,8276,5.12,122.84,151.45,3634.83,40104,23326,4058,333,10716,781,4731,0
2018-07-30,162960,70519,57967,4841750,19269465,859347,1267430,6403886,590306,5130067,51670,33572171,37425,129,844049,165,6631,1000,20316,904574,8366,7.14,171.46,133.04,3192.9,40136,23358,4059,330,10731,782,4737,0
2018-07-31,163437,70672,57985,4850795,19293245,860248,1268462,6410166,591127,5141591,51727,33616566,37425,118,844049,165,6631,1000,20316,905511,8550,7.77,186.51,135.9,3261.61,40185,23383,4059,332,10738,784,4742,0
2018-08-01,163900,70790,58012,4859050,19315527,861330,1269677,6416167,591816,5152411,51783,33658711,37425,114,844049,165,6631,1000,20316,906571,9383,9.34,224.25,164.23,3941.61,40219,23402,4062,336,10744,788,4745,0
2018-08-02,164515,70917,58028,4868775,19334710,862219,1270589,6421502,592357,5160757,51823,33693957,37425,125,844049,165,6631,1000,20316,907488,8180,9.12,218.96,106.57,2557.73,40250,23416,4068,333,10760,789,4750,0
2018-08-03,165031,71063,58052,4878185,19354554,863138,1271427,6426953,592921,5170143,51863,33730999,37425,139,844049,165,6631,1000,20316,907688,7822,10.69,256.62,114.8,2755.1,40283,23436,4071,342,10761,791,4753,0
2018-08-04,165377,71167,58064,4884545,19372084,863866,1272200,6431471,593411,5178788,51883,33763703,37425,150,844049,165,6631,1000,20316,907889,9088,8.92,214.03,95.11,2282.69,40301,23444,4072,347,10764,790,4757,0
2018-08-05,165722,71243,58080,4890295,19388207,864534,1272933,6435266,593938,5186786,51899,33793563,37425,157,844049,165,6631,1000,20316,908144,10942,4.01,96.25,68.56,1645.4,40325,23451,4070,347,10767,791,4761,0
2018-08-06,166191,71378,58103,4898935,19407186,865366,1273769,6439704,594485,5195431,51943,33827884,37425,164,844049,165,6631,1000,20316,908463,13992,9.63,231.18,182.0,4368.05,40356,23484,4073,352,10776,790,4761,0
2018-08-07,166738,71607,58121,4910580,19428528,866196,1274649,6444799,595107,5205618,51982,33866879,37425,155,844049,165,6631,1000,20316,909210,10732,10.92,261.97,229.3,5503.18,40398,23511,4079,343,10790,793,4763,0
2018-08-08,167500,71887,58138,4925625,19456402,867205,1275590,6452538,595916,5221065,52010,33920726,37425,147,844049,165,6631,1000,20316,909480,11615,11.69,280.57,185.19,4444.44,40425,23542,4082,351,10795,795,4763,0
2018-08-09,168036,72059,58156,4935735,19478693,868047,1276596,6458944,596589,5232287,52040,33963196,37425,134,844049,165,6631,1000,20316,909823,11566,12.93,310.22,164.31,3943.4,40458,23550,4081,353,10802,798,4770,0
2018-08-10,168466,72180,58183,4943735,19498936,868752,1277746,6464559,597221,5242057,52071,34001342,37425,132,844049,165,6631,1000,20316,910101,11110,9.11,218.69,260.68,6256.34,40486,23567,4086,354,10807,797,4775,0
2018-08-11,168955,72354,58201,4953425,19518747,869421,1278665,6470012,598052,5252169,52104,34039170,37425,138,844049,165,6631,1000,20316,910321,10243,6.99,167.72,112.57,2701.69,40506,23569,4085,351,10813,798,4775,0
2018-08-12,169406,72448,58217,4960685,19535018,870027,1279427,6474276,598680,5260024,52126,34069578,37425,122,844049,165,6631,1000,20316,910448,9704,5.96,142.97,112.96,2711.01,40531,23584,4091,353,10814,798,4776,0
2018-08-13,169901,72578,58233,4969285,19555763,871010,1280467,6479832,599442,5270512,52158,34109184,37425,109,844049,165,6631,1000,20316,910612,10477,9.82,235.7,152.41,3657.92,40566,23599,4091,345,10833,801,4776,0
2018-08-14,170526,72753,58262,4980635,19580845,871929,1281547,6486259,600496,5284382,52201,34157659,37425,114,844049,165,6631,1000,20316,910837,9935,12.16,291.88,135.49,3251.79,40604,23621,4090,349,10839,799,4781,0
2018-08-15,171091,72927,58281,4991110,19605741,872737,1282673,6493113,601571,5297359,52234,34205428,37425,122,844049,165,6631,1000,20316,911093,11495,8.62,206.99,132.11,3170.64,40646,23638,4092,347,10850,800,4786,0
2018-08-16,171580,73037,58306,4999375,19625907,873470,1283558,6499161,602278,5308674,52270,34245318,37425,125,844049,165,6631,1000,20316,911447,10178,10.06,241.41,104.38,2505.07,40666,23669,4091,348,10854,800,4787,0
2018-08-17,171980,73184,58325,5007525,19645520,874156,1284358,6505306,602970,5318858,52301,34283469,37425,143,844049,165,6631,1000,20316,911767,10784,7.72,185.19,100.56,2413.41,40704,23695,4092,351,10858,802,4787,0
2018-08-18,172438,73316,58340,5015780,19661970,874734,1285023,6510216,603508,5327906,52316,34315673,37425,130,844049,165,6631,1000,20316,911995,10630,4.76,114.14,74.07,1777.78,40722,23704,4096,353,10859,800,4789,0
2018-08-19,172875,73408,58356,5022850,19676793,875318,1285699,6514674,604102,5336422,52336,34345344,37425,146,844049,165,6631,1000,20316,912168,11529,4.97,119.23,121.95,2926.83,40745,23706,4101,350,10863,800,4791,0
2018-08-20,173228,73512,58377,5029505,19693867,876179,1286397,6519499,604730,5346624,52369,34379665,37425,148,844049,165,6631,1000,20316,912378,21773,10.35,248.32,226.13,5427.14,40775,23726,4103,354,10865,803,4791,0
2018-08-21,173795,73695,58393,5040150,19711234,877004,1287123,6524659,605390,5356633,52403,34414446,37425,141,844049,165,6631,1000,20316,912592,11122,9.82,235.76,145.4,3489.5,40817,23749,4099,354,10873,806,4794,0
2018-08-22,174346,73908,58416,5051560,19732806,877846,1288041,6530595,606181,5369516,52447,34457432,37425,134,844049,165,6631,1000,20316,912811,13816,9.99,239.68,191.08,4585.99,40858,23763,4095,357,10878,806,4795,0
2018-08-23,175038,74042,58449,5062655,19750139,878534,1288832,6535346,606781,5380068,52484,34492184,37425,112,844049,165,6631,1000,20316,913002,8329,9.84,236.28,127.07,3049.77,40884,23791,4097,364,10884,806,4796,0
2018-08-24,175403,74167,58468,5069905,19767541,879159,1289595,6540146,607347,5389855,52527,34526170,37425,119,844049,165,6631,1000,20316,913144,9946,6.84,164.19,114.03,2736.78,40917,23802,4103,375,10892,808,4800,0
2018-08-25,175759,74321,58482,5077665,19785561,879700,1290314,6544361,607896,5398335,52554,34558721,37425,118,844049,165,6631,1000,20316,913339,9101,5.11,122.75,105.7,2536.7,40943,23819,4106,367,10903,808,4803,0
2018-08-26,176022,74392,58499,5082495,19803083,880200,1291014,6548113,608441,5406281,52572,34589704,37425,117,844049,165,6631,1000,20316,913522,8341,5.23,125.58,117.23,2813.42,40959,23823,4112,370,10908,809,4806,0
2018-08-27,176703,74596,58514,5094780,19822368,880912,1291670,6552143,609166,5415200,52616,34624075,37425,116,844049,165,6631,1000,20316,913702,12970,9.54,228.9,93.77,2250.59,40989,23863,4112,363,10925,809,4810,0
2018-08-28,177528,74876,58545,5110805,19850856,881819,1292741,6558369,609982,5429038,52663,34675468,37425,133,844049,165,6631,1000,20316,914071,14917,9.92,238.17,195.87,4700.76,41035,23879,4115,365,10931,811,4811,0
2018-08-29,178130,75037,58575,5121600,19875621,882605,1293620,6563953,610597,5440134,52687,34719217,37425,142,844049,165,6631,1000,20316,914376,11870,8.28,198.63,177.87,4268.77,41062,23895,4116,361,10941,810,4812,0
2018-08-30,178883,75201,58603,5133930,19895698,883243,1294416,6569243,611184,5451260,52723,34757767,37425,142,844049,165,6631,1000,20316,915208,12691,9.42,226.05,89.84,2156.23,41089,23918,4116,364,10948,814,4813,0
2018-08-31,179400,75357,58620,5143425,19913460,883826,1295197,6573515,611663,5459958,52749,34790368,37425,179,844049,165,6631,1000,20316,916045,11352,9.39,225.41,100.17,2404.01,41132,23935,4116,345,10976,815,4814,0
2018-09-01,180005,75535,58635,5154300,19931243,884386,1295834,6578497,612101,5469173,52764,34823998,37425,185,844049,165,6631,1000,20316,916921,12826,5.05,121.21,72.74,1745.81,41160,23946,4111,345,10979,813,4817,0
2018-09-02,180324,75644,58644,5160440,19950750,885048,1296642,6583427,612693,5478938,52787,34860285,37425,197,844049,165,6631,1000,20316,917702,13172,3.76,90.31,99.94,2398.67,41181,23956,4113,343,10985,815,4817,0
2018-09-03,180789,75778,58664,5168940,19968959,885724,1297489,6588885,613440,5488717,52821,34896035,37425,188,844049,165,6631,1000,20316,918772,11849,8.13,195.23,121.38,2913.01,41214,23972,4115,344,10988,818,4819,0
2018-09-04,181430,75959,58686,5180425,19990033,886397,1298410,6594954,614289,5499504,52864,34936451,37425,194,844049,165,6631,1000,20316,919701,12957,7.87,188.88,111.84,2684.06,41235,23994,4116,337,11001,812,4831,0
2018-09-05,182124,76217,58707,5194340,20016792,887134,1299518,6601387,615194,5514608,52903,34987536,37425,203,844049,165,6631,1000,20316,920702,15039,8.8,211.2,125.92,3022.04,41252,24008,4116,339,11004,812,4831,0
2018-09-06,182876,76461,58736,5208685,20044836,888031,1300837,6608899,616133,5529290,52934,35040960,37425,179,844049,165,6631,1000,20316,921787,12333,8.73,209.62,132.79,3187.02,41286,24028,4116,339,11011,803,4841,0
2018-09-07,183426,76584,58761,5217885,20063914,888733,1301684,6613901,616716,5538565,52961,35076474,37425,170,844049,165,6631,1000,20316,922601,13482,8.13,195.01,90.14,2163.24,41303,24043,4114,339,11014,802,4845,0
2018-09-08,183824,76689,58776,5224865,20079871,889236,1302391,6618035,617251,5547329,52976,35107089,37425,153,844049,165,6631,1000,20316,923369,10414,3.85,92.42,108.24,2597.71,41324,24055,4115,340,11016,803,4845,0
2018-09-09,184202,76803,58794,5231945,20097733,889806,1303117,6622214,617779,5556132,53004,35139785,37425,169,844049,165,6631,1000,20316,924399,10177,4.24,101.78,75.38,1809.05,41348,24062,4115,345,11018,804,4847,0
2018-09-10,184581,76942,58821,5239885,20116905,890542,1303828,6626997,618238,5565489,53039,35175038,37425,167,844049,165,6631,1000,20316,925322,29128,3.97,95.21,119.44,2866.62,41394,24073,4118,338,11036,803,4849,0
2018-09-11,184947,77065,58845,5247220,20136023,891194,1304620,6631529,618724,5575245,53066,35210401,37425,166,844049,165,6631,1000,20316,926104,9996,6.28,150.74,95.59,2294.21,41432,24097,4122,334,11045,804,4850,0
2018-09-12,185287,77201,58871,5254670,20152985,891859,1305492,6635414,619250,5584468,53099,35242567,37425,156,844049,165,6631,1000,20316,926856,11520,8.01,192.21,126.23,3029.45,41465,24112,4124,341,11048,807,4852,0
2018-09-13,185756,77384,58890,5264410,20172161,892567,1306413,6641032,619859,5594525,53126,35279683,37425,156,844049,165,6631,1000,20316,927642,14309,7.92,190.09,100.14,2403.34,41497,24135,4126,332,11063,805,4855,0
2018-09-14,186191,77521,58908,5272635,20190495,893156,1307112,6645874,620316,5603024,53162,35313139,37425,169,844049,165,6631,1000,20316,928525,9261,8.0,191.97,79.65,1911.5,41531,24154,4127,331,11067,806,4855,0
2018-09-15,186364,77589,58935,5276740,20204634,893599,1307705,6650131,620606,5608864,53186,35338725,37425,170,844049,165,6631,1000,20316,929262,9058,8.1,194.42,62.4,1497.66,41561,24172,4132,328,11077,806,4856,0
2018-09-16,186758,77671,58953,5283180,20216628,894086,1308321,6654995,620928,5615249,53206,35363413,37425,164,844049,165,6631,1000,20316,930163,9351,3.58,85.85,101.64,2439.3,41577,24185,4129,329,11081,807,4858,0
2018-09-17,187335,77853,58986,5294325,20234359,894678,1309020,6660723,621445,5625204,53247,35398676,37425,154,844049,165,6631,1000,20316,931101,10318,6.28,150.78,117.15,2811.58,41605,24197,4130,342,11089,807,4860,0
2018-09-18,187792,77993,59003,5302820,20249974,895309,1309678,6665136,621778,5634113,53269,35429257,37425,155,844049,165,6631,1000,20316,931946,8598,7.77,186.54,108.76,2610.27,41637,24212,4127,344,11097,810,4862,0
2018-09-19,188303,78202,59014,5313430,20265894,896056,1310392,6670673,622220,5642972,53287,35461494,37425,162,844049,165,6631,1000,20316,932792,8939,7.95,190.7,121.13,2907.13,41687,24239,4133,343,11107,807,4868,0
2018-09-20,188803,78374,59036,5323280,20281087,897413,1310985,6674679,622719,5651428,53309,35491620,37425,171,844049,165,6631,1000,20316,933670,9792,6.81,163.38,100.39,2409.37,41742,24261,4135,334,11121,810,4871,0
2018-09-21,189517,78624,59069,5337495,20301655,898069,1311747,6680206,623408,5662269,53334,35530688,37425,171,844049,165,6631,1000,20316,934609,9792,8.36,200.66,114.39,2745.47,41760,24270,4135,337,11123,809,4873,0
2018-09-22,189697,78673,59091,5341070,20316277,898526,1312313,6683914,623843,5668940,53349,35557162,37425,186,844049,165,6631,1000,20316,935413,7974,5.07,121.61,68.89,1653.27,41776,24281,4135,338,11123,812,4873,0
2018-09-23,189967,78753,59110,5346245,20330294,898856,1312791,6686955,624335,5675165,53370,35581766,37425,186,844049,165,6631,1000,20316,936344,8687,4.24,101.64,87.91,2109.89,41791,24293,4139,340,11126,814,4874,0
2018-09-24,190337,78901,59124,5353995,20345691,899277,1313279,6691084,624753,5683043,53393,35610520,37425,197,844049,165,6631,1000,20316,937238,7358,5.85,140.4,66.41,1593.8,41815,24292,4140,340,11137,818,4876,0
2018-09-25,190667,79035,59145,5361170,20363394,899772,1313874,6696167,625260,5692372,53421,35644260,37425,194,844049,165,6631,1000,20316,938210,8116,7.15,171.56,80.63,1935.05,41839,24317,4144,342,11142,819,4878,0
2018-09-26,190925,79141,59167,5366950,20379106,900219,1314418,6700005,625728,5699256,53445,35672177,37425,188,844049,165,6631,1000,20316,938995,10682,7.0,167.97,89.31,2143.39,41870,24324,4145,344,11149,817,4885,0
2018-09-27,191326,79308,59192,5375760,20394307,900656,1314960,6704147,626124,5707022,53476,35700692,37425,162,844049,165,6631,1000,20316,939896,9152,5.67,136.19,67.11,1610.74,41888,24345,4147,335,11160,820,4886,0
2018-09-28,191707,79465,59210,5383945,20412093,901165,1315586,6709189,626580,5715560,53502,35733675,37425,163,844049,165,6631,1000,20316,940716,10558,7.78,186.81,76.79,1843.0,41906,24361,4146,336,11163,823,4887,0
2018-09-29,191831,79520,59230,5387060,20424322,901528,1316088,6712567,626911,5721396,53520,35756332,37425,146,844049,165,6631,1000,20316,941514,9767,5.08,121.86,74.15,1779.61,41922,24365,4149,338,11164,824,4889,0
2018-09-30,192032,79572,59243,5390695,20437392,901874,1316654,6716220,627251,5727288,53539,35780218,37425,156,844049,165,6631,1000,20316,942406,9824,3.49,83.66,58.85,1412.46,41951,24376,4147,341,11165,827,4889,0
2018-10-01,192311,79674,59263,5396535,20451039,902341,1317237,6719577,627548,5734303,53558,35805603,37425,158,844049,165,6631,1000,20316,943393,8689,5.65,135.67,96.18,2308.31,41975,24384,4147,337,11172,826,4890,0
2018-10-02,192579,79761,59278,5401765,20463801,902758,1317841,6722935,627910,5740501,53574,35829320,37425,147,844049,165,6631,1000,20316,944345,8048,7.27,174.42,76.61,1838.69,41994,24400,4155,343,11175,828,4893,0
2018-10-03,192825,79873,59298,5407525,20476993,903229,1318452,6726783,628284,5747099,53588,35854428,37425,170,844049,165,6631,1000,20316,945286,8162,7.57,181.59,88.39,2121.29,42016,24402,4156,349,11176,828,4898,0
2018-10-04,193222,79976,59311,5414395,20490635,903688,1319157,6730189,628645,5753710,53614,35879638,37425,187,844049,165,6631,1000,20316,946241,8599,7.18,172.24,91.42,2194.01,42033,24418,4162,349,11184,828,4899,0
2018-10-05,193491,80067,59325,5419710,20501930,904079,1319631,6733261,628992,5759510,53644,35901047,37425,193,844049,165,6631,1000,20316,947043,9031,7.14,171.44,106.45,2554.7,42063,24428,4164,355,11185,836,4900,0
2018-10-06,193785,80130,59346,5424750,20512235,904364,1320069,6735983,629207,5764566,53663,35920087,37425,195,844049,165,6631,1000,20316,947849,7974,3.51,84.33,77.87,1868.92,42080,24445,4166,359,11187,837,4902,0
2018-10-07,193962,80172,59363,5427995,20522498,904721,1320425,6738446,629481,5769224,53681,35938476,37425,194,844049,165,6631,1000,20316,948876,7289,3.23,77.45,63.2,1516.85,42102,24453,4165,365,11188,841,4902,0
2018-10-08,194292,80275,59381,5434320,20537235,905210,1321033,6742411,629932,5776742,53703,35966266,37425,198,844049,165,6631,1000,20316,949650,8900,5.75,137.9,88.24,2117.65,42129,24469,4169,355,11201,843,4905,0
2018-10-09,194572,80364,59397,5439745,20549865,905665,1321595,6746204,630293,5782789,53730,35990141,37425,185,844049,165,6631,1000,20316,950728,8292,7.95,190.72,116.62,2798.83,42163,24490,4168,359,11208,845,4908,0
2018-10-10,194839,80445,59420,5445015,20563147,906146,1322234,6749891,630629,5789061,53751,36014859,37425,191,844049,165,6631,1000,20316,951682,7674,7.05,169.25,141.01,3384.25,42193,24497,4166,360,11215,844,4911,0
2018-10-11,195424,80606,59430,5455140,20582445,906737,1323236,6754900,631268,5799380,53767,36051733,37425,190,844049,165,6631,1000,20316,952719,8060,10.1,242.35,85.69,2056.65,42232,24517,4168,363,11215,842,4914,0
2018-10-12,195787,80687,59457,5461470,20596167,907133,1323919,6758058,631603,5805879,53797,36076556,37425,192,844049,165,6631,1000,20316,953496,7683,7.58,182.04,79.3,1903.08,42267,24535,4170,365,11215,845,4915,0
2018-10-13,195961,80740,59473,5464935,20605996,907479,1324372,6760499,631821,5810658,53812,36094637,37425,183,844049,165,6631,1000,20316,954308,7483,3.88,93.02,77.87,1868.92,42291,24544,4169,368,11218,845,4917,0
2018-10-14,196100,80793,59483,5467900,20616430,907819,1324963,6763149,632153,5815692,53831,36114037,37425,175,844049,165,6631,1000,20316,955316,8102,4.2,100.82,75.5,1812.08,42309,24560,4172,370,11218,841,4923,0
2018-10-15,196479,80985,59507,5477090,20643871,908702,1328067,6769167,633104,5828998,53855,36165764,37425,159,844049,165,6631,1000,20316,956335,10448,11.23,269.56,124.57,2989.62,42351,24570,4174,373,11221,840,4929,0
2018-10-16,196742,81054,59528,5481970,20659416,909187,1329510,6772519,633560,5835453,53876,36193521,37425,167,844049,165,6631,1000,20316,957373,8583,9.09,218.06,125.65,3015.71,42386,24583,4172,377,11225,843,4932,0
2018-10-17,196972,81119,59544,5486295,20671740,909643,1330426,6775055,633887,5840671,53891,36215313,37425,182,844049,165,6631,1000,20316,958482,8725,8.04,192.93,97.64,2343.37,42428,24600,4182,377,11230,846,4933,0
2018-10-18,197300,81205,59558,5492075,20683804,910097,1331406,6778023,634151,5846216,53911,36237608,37425,190,844049,165,6631,1000,20316,959401,6530,1.72,41.35,91.65,2199.59,42463,24621,4180,371,11242,851,4936,0
2018-10-19,197471,81272,59574,5495860,20695151,910488,1332247,6780579,634364,5851183,53932,36257944,37425,229,844049,165,6631,1000,20316,960219,8271,8.38,201.02,119.52,2868.53,42498,24640,4182,368,11251,848,4943,0
2018-10-20,197587,81312,59598,5498620,20705209,910894,1333044,6783295,634619,5855560,53958,36276579,37425,270,844049,165,6631,1000,20316,961090,9190,3.89,93.26,67.68,1624.37,42506,24645,4184,364,11264,842,4951,0
2018-10-21,197733,81358,59621,5501805,20715587,911285,1333687,6785460,634839,5860187,53973,36295018,37425,327,844049,165,6631,1000,20316,962083,8470,3.02,72.46,50.63,1215.19,42526,24662,4185,362,11268,844,4954,0
2018-10-22,197905,81409,59654,5505625,20726852,911726,1334398,6787757,635078,5865101,53998,36314910,37425,359,844049,165,6631,1000,20316,963097,9303,8.28,198.64,83.74,2009.77,42548,24679,4185,359,11272,847,4954,0
2018-10-23,198098,81478,59700,5510430,20737884,912171,1335023,6790030,635296,5870141,54019,36334564,37425,436,844049,165,6631,1000,20316,964110,9207,8.2,196.85,85.65,2055.67,42578,24694,4184,360,11278,849,4963,0
2018-10-24,198295,81557,59736,5515275,20749469,912584,1335736,6792167,635525,5875040,54044,36354565,37425,495,844049,165,6631,1000,20316,965082,7987,7.22,173.24,93.92,2254.11,42608,24708,4188,350,11295,845,4966,0
2018-10-25,198563,81614,59766,5520130,20760092,912943,1336333,6794369,635713,5879747,54069,36373266,37425,529,844049,165,6631,1000,20316,965948,8381,7.65,183.63,86.58,2077.92,42654,24731,4191,357,11297,849,4968,0
2018-10-26,198724,81646,59813,5523715,20770373,913568,1336926,6796534,635906,5884788,54091,36392186,37425,513,844049,165,6631,1000,20316,966892,6288,7.38,177.17,75.61,1814.74,42675,24751,4191,352,11307,852,4971,0
2018-10-27,198906,81698,59851,5527785,20778391,914100,1337461,6798079,636084,5888881,54109,36407105,37425,494,844049,165,6631,1000,20316,967672,6127,4.3,103.27,71.64,1719.4,42689,24766,4193,352,11309,852,4971,0
2018-10-28,199058,81749,60193,5539130,20786562,914514,1337979,6799632,636250,5893215,54124,36422276,37425,490,844049,165,6631,1000,20316,968542,5674,3.52,84.38,95.01,2280.29,42718,24781,4191,345,11322,854,4971,0
2018-10-29,199310,81836,60372,5548300,20799521,915157,1338797,6802700,636573,5900589,54147,36447484,37425,469,844049,165,6631,1000,20316,969616,6315,8.12,194.88,131.24,3149.84,42728,24790,4190,347,11323,855,4972,0
2018-10-30,199498,81917,60526,5556055,20810912,915756,1339483,6804829,636840,5906335,54166,36468321,37425,417,844049,165,6631,1000,20316,970865,6519,8.91,213.83,72.74,1745.81,42752,24803,4190,352,11327,856,4973,0
2018-10-31,199811,82010,60609,5563585,20821867,916334,1340096,6807354,637086,5912090,54192,36489019,37425,355,844049,165,6631,1000,20316,971784,6589,11.9,285.61,92.19,2212.55,42774,24823,4192,354,11331,855,4983,0
2018-11-01,200042,82065,60656,5568445,20831851,916729,1340599,6809430,637334,5917208,54211,36507362,37425,309,844049,165,6631,1000,20316,972688,8271,9.74,233.7,111.21,2669.14,42785,24832,4190,353,11341,856,4985,0
2018-11-02,200284,82131,60703,5573690,20842101,917122,1341170,6811662,637559,5922329,54234,36526177,37425,294,844049,165,6631,1000,20316,973636,8538,7.44,178.6,74.97,1799.25,42803,24841,4190,352,11345,854,4993,0
2018-11-03,200393,82167,60732,5576405,20849401,917394,1341631,6813525,637739,5926163,54250,36540103,37425,265,844049,165,6631,1000,20316,974497,7210,4.71,113.09,59.52,1428.57,42814,24853,4188,356,11345,855,4995,0
2018-11-04,200628,82254,60789,5582355,20859582,917755,1342121,6815581,637971,5931804,54261,36559075,37425,241,844049,165,6631,1000,20316,975450,6934,3.62,86.92,99.09,2378.2,42830,24868,4188,353,11349,856,4995,0
2018-11-05,200771,82304,60832,5586110,20870909,918175,1342704,6818139,638213,5937263,54278,36579681,37425,219,844049,165,6631,1000,20316,976450,5887,5.26,126.12,81.52,1956.52,42841,24542,4189,343,11365,859,4998,0
2018-11-06,200936,82366,60881,5590535,20881211,918704,1343193,6820898,638425,5942405,54307,36599143,37425,214,844049,165,6631,1000,20316,977452,6302,6.27,150.4,97.32,2335.77,42860,24559,4191,341,11374,860,4999,0
2018-11-07,201184,82446,60926,5596140,20893008,919192,1343727,6824081,638705,5947961,54323,36620997,37425,192,844049,165,6631,1000,20316,978041,5712,7.34,176.09,102.07,2449.67,42886,24576,4195,340,11382,864,5001,0
2018-11-08,201401,82510,60960,5600760,20903364,919610,1344216,6826929,638930,5952664,54344,36640057,37425,171,844049,165,6631,1000,20316,978580,6271,6.48,155.43,111.42,2674.09,42908,24581,4195,345,11384,861,5006,0
2018-11-09,201576,82563,61006,5604985,20912581,919989,1344644,6829666,639126,5957082,54354,36657442,37425,153,844049,165,6631,1000,20316,979155,5931,6.59,158.18,83.78,2010.71,42933,24590,4196,336,11396,865,5007,0
2018-11-10,201695,82589,61042,5607725,20919995,920235,1345020,6832033,639296,5960359,54369,36671307,37425,159,844049,165,6631,1000,20316,979582,4752,3.62,86.83,59.04,1416.86,42958,24595,4200,335,11400,865,5009,0
2018-11-11,201773,82611,61081,5610030,20927580,920559,1345408,6834099,639489,5963867,54384,36685386,37425,135,844049,165,6631,1000,20316,980112,7311,3.8,91.09,100.14,2403.34,42971,24603,4202,336,11400,864,5010,0
2018-11-12,201876,82661,61117,5613210,20936700,921185,1345908,6836461,639721,5967912,54406,36702293,37425,127,844049,165,6631,1000,20316,980744,9859,7.2,172.83,109.22,2621.36,42986,24618,4200,325,11415,862,5014,0
2018-11-13,202009,82715,61164,5617065,20945915,921718,1346580,6838655,639945,5972202,54426,36719441,37425,120,844049,165,6631,1000,20316,981366,6408,7.0,168.0,111.77,2682.4,43003,24639,4196,320,11427,862,5022,0
2018-11-14,202493,82943,61225,5629130,20971739,922596,1348507,6844580,641173,5986810,54448,36769853,37425,125,844049,165,6631,1000,20316,982030,8580,9.92,237.98,218.05,5233.19,43030,24650,4193,317,11433,864,5024,0
2018-11-15,202835,83111,61277,5638050,20999161,923501,1350060,6849764,642075,6000037,54492,36819090,37425,115,844049,165,6631,1000,20316,982972,8361,7.76,186.32,123.58,2966.01,43048,24664,4193,319,11435,865,5026,0
2018-11-16,203149,83191,61341,5644790,21015125,924050,1350864,6852694,642414,6007162,54521,36846830,37425,111,844049,165,6631,1000,20316,983771,7922,6.52,156.43,147.66,3543.89,43074,24678,4194,322,11436,867,5029,0
2018-11-17,203390,83246,61387,5649725,21026345,924419,1351403,6854660,642647,6012513,54535,36866522,37425,109,844049,165,6631,1000,20316,984630,6899,4.4,105.57,100.73,2417.46,43101,24692,4199,326,11438,867,5033,0
2018-11-18,203765,83316,61423,5656125,21037851,924760,1351952,6856767,642884,6018380,54553,36887147,37425,111,844049,165,6631,1000,20316,985510,6208,3.71,89.0,98.96,2374.93,43122,24703,4198,327,11439,868,5034,0
2018-11-19,204643,83644,61478,5674480,21071482,925649,1354029,6863338,644055,6037162,54592,36950307,37425,100,844049,165,6631,1000,20316,986531,10718,7.19,172.58,297.77,7146.4,43142,24724,4197,332,11441,869,5036,0
2018-11-20,205449,83951,61555,5692140,21119651,926741,1356352,6873376,645360,6059754,54636,37035870,37425,104,844049,165,6631,1000,20316,987674,10217,12.47,299.21,301.26,7230.13,43159,24737,4199,328,11448,871,5038,0
2018-11-21,205956,84083,61617,5702060,21147079,927377,1357598,6879553,646010,6071684,54673,37083974,37425,96,844049,165,6631,1000,20316,988776,8228,10.9,261.51,170.29,4087.04,43178,24747,4203,330,11452,871,5040,0
2018-11-22,206326,84175,61657,5709060,21165675,927866,1358401,6883641,646456,6079869,54692,37116600,37425,103,844049,165,6631,1000,20316,989744,7426,7.91,189.95,160.64,3855.42,43202,24754,4207,335,11459,869,5043,0
2018-11-23,206875,84334,61693,5719425,21187881,928368,1359502,6889270,647060,6090218,54717,37157016,37425,93,844049,165,6631,1000,20316,990569,7344,9.94,238.58,167.52,4020.47,43229,24768,4204,329,11468,872,5044,0
2018-11-24,207267,84451,61734,5727295,21207438,928849,1360456,6894267,647601,6100134,54751,37193496,37425,92,844049,165,6631,1000,20316,991415,11237,8.95,214.87,549.62,13190.84,43247,24780,4205,330,11470,871,5046,0
2018-11-25,207957,84700,61783,5741645,21243346,929957,1362193,6902364,648580,6119136,54785,37260361,37425,93,844049,165,6631,1000,20316,992527,6867,12.22,293.29,190.78,4578.7,43262,24785,4211,332,11470,871,5046,0
2018-11-26,208602,84862,61848,5753770,21274957,932230,1363437,6909726,649380,6132613,54830,37317173,37425,92,844049,165,6631,1000,20316,993578,8451,14.55,349.32,433.73,10409.64,43290,24812,4211,332,11479,873,5048,0
2018-11-27,209015,84997,61878,5762025,21299213,933072,1364391,6916386,649937,6143358,54865,37361222,37425,90,844049,165,6631,1000,20316,994665,5852,8.72,209.26,203.16,4875.85,43319,24824,4211,335,11487,866,5055,0
2018-11-28,209463,85138,61941,5771605,21329275,933882,1365583,6922979,650726,6156171,54908,37413524,37425,93,844049,165,6631,1000,20316,995757,7987,11.22,269.34,248.62,5966.85,43335,24832,4209,334,11495,864,5056,0
2018-11-29,209805,85245,61999,5779150,21354650,934668,1366428,6929316,651291,6165656,54936,37456945,37425,87,844049,165,6631,1000,20316,996910,4756,8.5,203.93,149.69,3592.52,43353,24846,4206,341,11501,865,5058,0
2018-11-30,210180,85349,62048,5786725,21375804,935224,1367270,6934238,651756,6174984,54957,37494233,37425,91,844049,165,6631,1000,20316,997829,7745,7.71,184.97,146.64,3519.35,43404,24870,4211,334,11513,867,5059,0
2018-12-01,210509,85454,62078,5793390,21393401,935574,1367966,6938687,652071,6182559,54966,37525224,37425,91,844049,165,6631,1000,20316,998752,7018,4.59,110.21,107.43,2578.33,43432,24875,4207,332,11516,866,5060,0
2018-12-02,210815,85503,62107,5798400,21408303,935896,1368574,6942638,652358,6189038,54980,37551787,37425,89,844049,165,6631,1000,20316,999857,5830,4.97,119.38,132.21,3172.97,43451,24882,4206,334,11519,866,5061,0
2018-12-03,211326,85640,62149,5807985,21428868,936404,1369510,6947539,652868,6199024,55010,37589223,37425,87,844049,165,6631,1000,20316,1001158,6922,9.99,239.81,158.03,3792.8,43466,24898,4205,328,11527,867,5061,0
2018-12-04,211789,85764,62197,5816915,21447685,936974,1370326,6951720,653285,6207337,55044,37622371,37425,84,844049,165,6631,1000,20316,1001799,7146,10.03,240.64,186.34,4472.05,43487,24902,4197,323,11536,870,5064,0
2018-12-05,212270,85862,62234,5825100,21466977,937498,1371035,6956480,653723,6215746,55063,37656522,37425,77,844049,165,6631,1000,20316,1002059,6989,6.79,162.95,209.79,5034.97,43503,24916,4195,326,11538,873,5066,0
2018-12-06,212806,85956,62266,5833610,21489957,938051,1371966,6962158,654271,6225864,55086,37697353,37425,92,844049,165,6631,1000,20316,1002331,8319,10.02,240.42,146.88,3525.09,43505,24923,4193,327,11550,870,5073,0
2018-12-07,213362,86152,62327,5845595,21520771,938747,1373154,6969501,655163,6240396,55108,37752840,37425,90,844049,165,6631,1000,20316,1002693,8416,9.43,226.39,174.0,4175.93,43518,24928,4198,321,11558,868,5078,0
2018-12-08,213771,86258,62354,5853010,21539293,939048,1373780,6973497,655589,6248020,55128,37784355,37425,99,844049,165,6631,1000,20316,1003029,7620,4.59,110.12,148.39,3561.42,43530,24934,4197,323,11558,868,5080,0
2018-12-09,214051,86331,62397,5858710,21558664,939463,1374573,6978291,656044,6256731,55142,37818908,37425,100,844049,165,6631,1000,20316,1003306,7330,4.08,97.88,148.51,3564.36,43547,24949,4198,323,11561,869,5081,0
2018-12-10,214330,86401,62421,5863850,21577429,939980,1375290,6982419,656454,6264556,55153,37851281,37425,105,844049,165,6631,1000,20316,1003783,12225,8.06,193.38,286.17,6868.04,43564,24960,4198,325,11567,872,5086,0
2018-12-11,214621,86464,62456,5869210,21595308,940449,1375943,6986390,656890,6271723,55174,37881877,37425,108,844049,165,6631,1000,20316,1004039,8587,4.91,117.78,266.08,6385.81,43583,24976,4201,329,11571,875,5089,0
2018-12-12,214837,86546,62478,5873970,21612728,940832,1376491,6989901,657241,6278578,55196,37910967,37425,101,844049,165,6631,1000,20316,1004405,5667,9.41,225.76,152.93,3670.35,43598,24985,4197,323,11588,872,5094,0
2018-12-13,215144,86663,62506,5880665,21629364,941252,1377177,6994178,657611,6285651,55216,37940449,37425,103,844049,165,6631,1000,20316,1004568,5930,8.07,193.79,123.5,2963.98,43608,24998,4194,318,11604,874,5096,0
2018-12-14,215639,86811,62542,5890215,21648936,941672,1378017,7000475,658087,6294829,55237,37977253,37425,108,844049,165,6631,1000,20316,1004804,7126,9.29,223.02,187.5,4500.0,43628,25012,4195,317,11612,877,5096,0
2018-12-15,216074,86887,62575,5897290,21666079,941938,1378669,7007337,658568,6302074,55264,38009929,37425,101,844049,165,6631,1000,20316,1005007,5379,4.49,107.79,134.18,3220.28,43643,25018,4192,321,11614,878,5096,0
2018-12-16,216411,86958,62605,5903185,21680891,942226,1379125,7013405,658941,6308435,55274,38038297,37425,106,844049,165,6631,1000,20316,1005188,7115,4.69,112.64,116.66,2799.74,43657,25025,4195,323,11617,880,5097,0
2018-12-17,216989,87123,62642,5914015,21703882,942834,1380007,7019587,659763,6320181,55300,38081554,37425,96,844049,165,6631,1000,20316,1005433,5699,10.48,251.44,158.73,3809.52,43684,25033,4195,327,11620,883,5098,0
2018-12-18,217456,87250,62674,5922660,21724603,943262,1380728,7029465,660323,6329610,55317,38123308,37425,89,844049,165,6631,1000,20316,1005757,4885,11.48,275.44,106.19,2548.67,43698,25043,4197,329,11630,885,5099,0
2018-12-19,218233,87453,62734,5937005,21754283,943828,1381817,7039115,661331,6343823,55339,38179536,37425,88,844049,165,6631,1000,20316,1006074,4979,7.53,180.7,148.76,3570.25,43719,25052,4195,330,11635,889,5101,0
2018-12-20,218656,87606,62790,5946460,21784906,944441,1382810,7046831,662187,6356131,55372,38232678,37425,82,844049,165,6631,1000,20316,1006351,5550,9.14,219.3,182.46,4379.12,43738,25070,4188,331,11637,889,5107,0
2018-12-21,219205,87757,62830,5956725,21808153,944928,1383722,7055756,662726,6365422,55391,38276098,37425,76,844049,165,6631,1000,20316,1006642,4304,6.44,154.48,121.38,2913.01,43749,25078,4187,332,11642,895,5109,0
2018-12-22,219408,87806,62867,5960905,21824517,945236,1384277,7060149,663086,6371434,55405,38304104,37425,61,844049,165,6631,1000,20316,1006824,7143,3.87,92.87,101.69,2440.68,43771,25079,4186,330,11646,896,5110,0
2018-12-23,219736,87872,62901,5966685,21841026,945524,1384865,7065354,663475,6377839,55419,38333502,37425,69,844049,165,6631,1000,20316,1006975,4164,3.66,87.75,103.36,2480.62,43789,25081,4189,330,11646,896,5112,0
2018-12-24,219857,87922,62957,5970545,21862959,945946,1385614,7071409,663880,6385528,55432,38370768,37425,69,844049,165,6631,1000,20316,1007144,4283,3.81,91.53,70.88,1701.12,43802,25089,4188,331,11649,895,5115,0
2018-12-25,220069,87989,63004,5975515,21882073,946323,1386288,7076936,664200,6392688,55446,38403954,37425,68,844049,165,6631,1000,20316,1007256,5328,3.35,80.32,195.55,4693.1,43811,25102,4190,331,11650,895,5117,0
2018-12-26,220159,88018,63050,5978290,21896873,946651,1386894,7091201,664514,6398037,55463,38439633,37425,61,844049,165,6631,1000,20316,1007392,6381,4.45,106.89,79.88,1917.02,43825,25121,4187,334,11651,896,5118,0
2018-12-27,220407,88088,63083,5983345,21912974,947017,1387487,7113867,664850,6404745,55485,38486425,39965,59,844049,165,6631,1000,20316,1007636,4822,6.51,156.31,206.07,4945.62,43829,25135,4188,338,11652,899,5120,0
2018-12-28,220699,88193,63125,5989940,21931965,947386,1388204,7136920,665298,6412725,55496,38537994,39968,58,844049,165,6631,1000,20316,1007944,5637,6.05,145.15,97.17,2331.98,43845,25145,4188,334,11660,902,5120,0
2018-12-29,220840,88236,63171,5993575,21948004,947636,1388809,7158283,665626,6418626,55506,38582490,39966,58,844049,165,6631,1000,20316,1008135,6914,3.9,93.63,111.84,2684.06,43861,25150,4188,333,11669,903,5121,0
2018-12-30,221087,88310,63203,5998695,21963617,947851,1389323,7179877,665961,6424855,55520,38627004,39971,57,844049,165,6631,1000,20316,1008286,4297,4.13,99.1,93.12,2234.87,43872,25160,4188,334,11672,903,5123,0
2018-12-31,221356,88384,63244,6004260,21976794,948105,1389732,7200266,666258,6430470,55533,38667158,39975,70,844049,165,6631,1000,20316,1008392,4852,4.76,114.15,81.87,1964.98,43884,25162,4190,332,11678,903,5124,0
